Year,Victim_Category,Age_Group,Sex,Type_of_Abuse,Community_Incidence_Rate,Reporting_Source,Household_Size,Prior_Social_Service_Contact,Financial_Stress_Index,Is_Physical,Is_Neglect,Severity_Score,High_Risk_Flag,Immediate_Intervention_Needed,Intergenerational_Risk_Flag,Gender_Power_Imbalance_Flag,Recidivism_Risk_Score,Ecological_Risk_Index
2021,Spouse,30-39 years,Female,Emotional & Psychological Abuse,1.95,Police,5,0,1,0,0,2.7,0,0,0,0,0.4,0.643
2023,Spouse,50-64 years,Female,Physical Abuse,1.05,Hotline,5,0,1,1,0,4.1,0,1,0,1,0.4,0.628
2021,Spouse,40-49 years,Female,Emotional & Psychological Abuse,1.95,Police,2,1,1,0,0,2.9,0,0,0,1,0.6,0.592
2024,Spouse,40-49 years,Female,Physical Abuse,1.35,Hotline,5,1,0,1,0,3.9,0,0,0,1,0.6,0.602
2021,Spouse,18-29 years,Female,Physical Abuse,1.95,Hospital,2,0,1,1,0,4.2,0,0,0,0,0.2,0.552
2023,Spouse,18-29 years,Male,Emotional & Psychological Abuse,1.05,Police,5,1,1,0,0,2.7,0,0,0,0,0.8,0.668
2021,Non-Elderly VA,50-64 years,Female,Physical Abuse,1.3,Social Service,4,0,1,1,0,3.3,1,1,0,1,0.2,0.598
2021,Spouse,18-29 years,Female,Physical Abuse,1.95,Hotline,5,1,1,1,0,4.0,0,1,0,1,0.8,0.802
2024,Spouse,50-64 years,Female,Emotional & Psychological Abuse,1.35,Hospital,6,0,0,0,0,2.8,0,0,0,1,0.2,0.492
2024,Spouse,40-49 years,Female,Emotional & Psychological Abuse,1.35,Police,3,0,1,0,0,2.9,0,0,0,1,0.2,0.492
2023,Spouse,40-49 years,Female,Emotional & Psychological Abuse,1.05,Hospital,2,1,0,0,0,2.6,0,0,0,0,0.4,0.368
2023,Spouse,18-29 years,Female,Physical Abuse,1.05,Police,4,0,0,1,0,4.5,1,1,0,1,0.0,0.428
2021,Spouse,50-64 years,Male,Emotional & Psychological Abuse,1.95,Hospital,3,0,1,0,0,2.9,0,0,0,0,0.2,0.542
2023,Spouse,50-64 years,Male,Physical Abuse,1.05,Police,2,0,0,1,0,4.2,0,0,0,0,0.0,0.328
2024,Spouse,30-39 years,Female,Physical Abuse,1.35,Police,3,0,0,1,0,4.2,0,0,0,0,0.0,0.402
2022,Spouse,18-29 years,Female,Physical Abuse,1.65,Social Service,6,1,1,1,0,3.4,0,0,0,0,0.8,0.828
2023,Spouse,18-29 years,Female,Emotional & Psychological Abuse,1.05,Police,3,0,0,0,0,2.7,0,0,0,0,0.0,0.318
2023,Spouse,30-39 years,Female,Physical Abuse,1.05,Police,6,0,0,1,0,4.3,0,0,0,1,0.2,0.528
2021,Spouse,30-39 years,Female,Physical Abuse,1.95,Police,4,0,1,1,0,4.3,0,0,0,0,0.2,0.652
2023,Spouse,30-39 years,Female,Physical Abuse,1.05,Police,2,0,0,1,0,4.2,0,0,0,0,0.0,0.328
2023,Spouse,30-39 years,Female,Physical Abuse,1.05,Social Service,5,0,0,1,0,3.5,0,0,0,1,0.2,0.478
2023,Spouse,40-49 years,Female,Physical Abuse,1.05,Police,2,0,0,1,0,4.2,0,0,0,0,0.0,0.328
2024,Spouse,18-29 years,Female,Physical Abuse,1.35,Hospital,2,0,0,1,0,4.2,0,0,0,0,0.0,0.352
2024,Spouse,30-39 years,Male,Emotional & Psychological Abuse,1.35,Social Service,5,0,1,0,0,1.9,0,0,0,0,0.4,0.592
2022,Spouse,30-39 years,Female,Emotional & Psychological Abuse,1.65,Hotline,3,0,1,0,0,2.4,0,0,0,0,0.2,0.518
2024,Spouse,30-39 years,Female,Emotional & Psychological Abuse,1.35,Social Service,2,1,1,0,0,2.1,0,0,0,1,0.6,0.542
2023,Spouse,40-49 years,Female,Physical Abuse,1.05,Hotline,2,1,0,1,0,3.8,0,0,0,0,0.4,0.428
2022,Spouse,18-29 years,Female,Physical Abuse,1.65,Police,3,1,1,1,0,4.3,0,0,0,1,0.6,0.678
2022,Spouse,30-39 years,Female,Physical Abuse,1.65,Police,5,1,1,1,0,4.3,0,0,0,1,0.8,0.778
2024,Spouse,40-49 years,Male,Physical Abuse,1.35,Police,3,0,1,1,0,4.1,0,0,0,0,0.2,0.552
2021,Spouse,18-29 years,Male,Physical Abuse,1.95,Police,4,1,1,1,0,4.3,0,0,0,0,0.6,0.752
2022,Spouse,40-49 years,Female,Physical Abuse,1.65,Hotline,2,0,1,1,0,3.8,0,0,0,0,0.2,0.528
2021,Spouse,18-29 years,Female,Physical Abuse,1.95,Police,2,1,1,1,0,4.1,0,0,0,0,0.6,0.652
2023,Spouse,18-29 years,Female,Emotional & Psychological Abuse,1.05,Police,2,0,0,0,0,3.0,0,0,0,1,0.0,0.268
2022,Spouse,50-64 years,Female,Physical Abuse,1.65,Police,6,0,1,1,0,4.5,0,0,0,1,0.4,0.728
2022,Spouse,50-64 years,Female,Emotional & Psychological Abuse,1.65,Police,3,0,1,0,0,2.9,0,0,0,1,0.2,0.518
2024,Spouse,50-64 years,Male,Physical Abuse,1.35,Hotline,3,1,0,1,0,3.8,0,0,0,0,0.4,0.502
2023,Spouse,30-39 years,Female,Emotional & Psychological Abuse,1.05,Hotline,3,1,0,0,0,2.2,0,0,0,0,0.4,0.418
2023,Spouse,18-29 years,Female,Physical Abuse,1.05,Hotline,6,1,0,1,0,4.0,0,0,0,1,0.6,0.628
2023,Spouse,40-49 years,Female,Physical Abuse,1.05,Police,4,0,1,1,0,4.3,0,0,0,0,0.2,0.578
2022,Spouse,30-39 years,Female,Emotional & Psychological Abuse,1.65,Police,2,0,1,0,0,2.6,0,0,0,0,0.2,0.468
2023,Spouse,18-29 years,Male,Physical Abuse,1.05,Hotline,4,0,0,1,0,3.9,0,0,0,0,0.0,0.428
2022,Non-Elderly VA,50-64 years,Female,Physical Abuse,1.1,Community,3,1,0,1,0,3.3,1,0,0,1,0.4,0.482
2021,Elderly VA,65+ years,Female,Physical Abuse,1.1,Hospital,2,1,0,1,0,5.0,1,1,0,1,0.4,0.432
2023,Spouse,30-39 years,Female,Emotional & Psychological Abuse,1.05,Police,2,0,0,0,0,2.7,0,0,0,0,0.0,0.268
2021,Non-Elderly VA,50-64 years,Male,Emotional & Psychological Abuse,1.3,Hospital,5,0,0,0,0,2.9,1,0,0,0,0.2,0.438
2021,Spouse,18-29 years,Female,Emotional & Psychological Abuse,1.95,Police,4,0,1,0,0,2.7,0,0,0,0,0.2,0.592
2023,Spouse,50-64 years,Female,Physical Abuse,1.05,Police,3,0,0,1,0,4.3,0,0,0,1,0.0,0.378
2022,Spouse,30-39 years,Female,Physical Abuse,1.65,Hotline,4,0,1,1,0,3.9,0,0,0,1,0.2,0.628
2023,Spouse,40-49 years,Female,Physical Abuse,1.05,Hotline,5,1,0,1,0,3.8,0,0,0,0,0.6,0.578
2021,Spouse,30-39 years,Female,Physical Abuse,1.95,Hotline,5,0,1,1,0,4.1,0,0,0,1,0.4,0.702
2021,Spouse,30-39 years,Female,Physical Abuse,1.95,Police,3,0,1,1,0,4.4,0,0,0,1,0.2,0.602
2024,Spouse,30-39 years,Female,Physical Abuse,1.35,Hospital,5,1,0,1,0,4.5,0,0,0,1,0.6,0.602
2021,Spouse,18-29 years,Female,Emotional & Psychological Abuse,1.95,Police,4,0,1,0,0,3.0,0,0,0,1,0.2,0.592
2024,Non-Elderly VA,30-39 years,Female,Sexual Abuse,0.9,Community,4,0,0,0,0,4.0,1,0,0,0,0.0,0.475
2024,Spouse,50-64 years,Female,Physical Abuse,1.35,Police,5,0,0,1,0,4.5,0,0,0,1,0.2,0.503
2024,Spouse,40-49 years,Female,Physical Abuse,1.35,Social Service,2,0,0,1,0,3.3,0,0,0,0,0.0,0.352
2024,Spouse,50-64 years,Male,Physical Abuse,1.35,Social Service,6,0,0,1,0,3.4,0,0,0,0,0.2,0.552
2022,Spouse,50-64 years,Male,Physical Abuse,1.65,Police,5,1,1,1,0,4.1,0,0,0,0,0.8,0.778
2021,Spouse,40-49 years,Male,Emotional & Psychological Abuse,1.95,Police,4,0,1,0,0,2.7,0,0,0,0,0.2,0.592
2024,Spouse,50-64 years,Female,Physical Abuse,1.35,Police,6,0,0,1,0,4.3,0,0,0,0,0.2,0.552
2024,Spouse,18-29 years,Female,Physical Abuse,1.35,Police,4,0,0,1,0,4.2,0,0,0,0,0.0,0.452
2024,Spouse,18-29 years,Female,Physical Abuse,1.35,Police,6,1,0,1,0,4.4,0,0,0,1,0.6,0.652
2022,Spouse,18-29 years,Female,Emotional & Psychological Abuse,1.65,Police,6,0,1,0,0,2.7,0,0,0,0,0.4,0.668
2022,Spouse,30-39 years,Female,Emotional & Psychological Abuse,1.65,Social Service,3,1,1,0,0,1.9,0,0,0,0,0.6,0.617
2022,Spouse,30-39 years,Female,Emotional & Psychological Abuse,1.65,Hospital,5,1,1,0,0,2.8,0,0,0,1,0.8,0.718
2024,Spouse,30-39 years,Female,Physical Abuse,1.35,Hotline,3,1,0,1,0,3.8,0,0,0,0,0.4,0.502
2022,Spouse,50-64 years,Female,Emotional & Psychological Abuse,1.65,Hotline,4,1,1,0,0,2.5,0,0,0,1,0.6,0.668
2023,Spouse,30-39 years,Female,Physical Abuse,1.05,Police,6,0,1,1,0,4.1,0,0,0,0,0.4,0.678
2022,Spouse,30-39 years,Female,Physical Abuse,1.65,Hospital,2,0,1,1,0,4.5,0,1,0,1,0.2,0.528
2023,Spouse,30-39 years,Female,Physical Abuse,1.05,Hospital,2,0,0,1,0,4.4,0,0,0,1,0.0,0.328
2024,Spouse,18-29 years,Female,Physical Abuse,1.35,Police,3,1,0,1,0,4.2,0,0,0,0,0.4,0.502
2021,Spouse,50-64 years,Male,Physical Abuse,1.95,Hospital,6,0,1,1,0,4.1,0,0,0,0,0.4,0.753
2024,Spouse,18-29 years,Female,Emotional & Psychological Abuse,1.35,Hospital,4,0,1,0,0,2.9,0,0,0,1,0.2,0.542
2024,Spouse,50-64 years,Female,Physical Abuse,1.35,Police,6,0,0,1,0,4.4,0,0,0,1,0.2,0.552
2024,Spouse,40-49 years,Female,Emotional & Psychological Abuse,1.35,Police,6,1,0,0,0,2.9,0,0,0,1,0.6,0.592
2021,Spouse,18-29 years,Female,Physical Abuse,1.95,Police,4,0,1,1,0,4.4,0,0,0,1,0.2,0.652
2024,Spouse,18-29 years,Female,Physical Abuse,1.35,Social Service,5,0,0,1,0,3.3,0,0,0,0,0.2,0.503
2022,Spouse,50-64 years,Female,Physical Abuse,1.65,Police,5,0,1,1,0,4.2,0,0,0,0,0.4,0.678
2024,Spouse,40-49 years,Male,Physical Abuse,1.35,Hospital,2,1,0,1,0,4.1,0,0,0,0,0.4,0.452
2024,Spouse,40-49 years,Male,Emotional & Psychological Abuse,1.35,Hotline,6,0,0,0,0,2.5,0,0,0,0,0.2,0.492
2021,Spouse,40-49 years,Female,Physical Abuse,1.95,Hospital,3,0,1,1,0,4.3,0,0,0,1,0.2,0.602
2021,Spouse,18-29 years,Female,Physical Abuse,1.95,Hotline,6,0,1,1,0,3.8,0,0,0,0,0.4,0.753
2024,Spouse,30-39 years,Female,Physical Abuse,1.35,Hotline,5,0,1,1,0,3.7,0,0,0,0,0.4,0.653
2022,Spouse,18-29 years,Female,Physical Abuse,1.65,Hotline,3,0,1,1,0,3.8,0,0,0,0,0.2,0.578
2024,Spouse,50-64 years,Female,Physical Abuse,1.35,Police,5,1,0,1,0,4.2,0,0,0,0,0.6,0.602
2021,Spouse,40-49 years,Female,Physical Abuse,1.95,Hospital,4,0,1,1,0,4.4,0,0,0,1,0.2,0.652
2024,Spouse,30-39 years,Female,Physical Abuse,1.35,Hospital,2,1,0,1,0,4.4,0,0,0,1,0.4,0.452
2023,Spouse,18-29 years,Female,Physical Abuse,1.05,Hotline,6,1,1,1,0,4.1,0,0,0,1,0.8,0.778
2023,Spouse,30-39 years,Female,Physical Abuse,1.05,Police,3,0,1,1,0,4.3,0,0,0,0,0.2,0.528
2023,Spouse,30-39 years,Female,Physical Abuse,1.05,Hospital,5,0,0,1,0,4.1,0,0,0,0,0.2,0.478
2021,Spouse,40-49 years,Female,Emotional & Psychological Abuse,1.95,Hospital,5,0,1,0,0,2.9,0,0,0,1,0.4,0.643
2021,Spouse,40-49 years,Male,Emotional & Psychological Abuse,1.95,Hospital,5,1,1,0,0,2.9,0,0,0,0,0.8,0.742
2024,Spouse,50-64 years,Female,Physical Abuse,1.35,Police,2,0,0,1,0,4.3,0,0,0,1,0.0,0.352
2022,Spouse,30-39 years,Female,Physical Abuse,1.65,Police,4,0,1,1,0,4.4,0,0,0,1,0.2,0.628
2022,Spouse,18-29 years,Female,Emotional & Psychological Abuse,1.65,Police,5,0,1,0,0,2.8,0,0,0,0,0.4,0.618
2023,Spouse,40-49 years,Male,Physical Abuse,1.05,Police,3,1,1,1,0,4.3,0,0,0,0,0.6,0.628
2023,Spouse,40-49 years,Female,Physical Abuse,1.05,Hotline,4,1,0,1,0,3.9,0,0,0,0,0.4,0.528
2023,Spouse,40-49 years,Female,Physical Abuse,1.05,Hospital,2,1,0,1,0,4.1,0,0,0,0,0.4,0.428
2024,Elderly VA,65+ years,Male,Physical Abuse,0.4,Community,5,0,1,1,0,4.1,1,0,0,0,0.4,0.573
2023,Spouse,40-49 years,Female,Physical Abuse,1.05,Hotline,2,0,0,1,0,3.7,0,0,0,0,0.0,0.328
2022,Spouse,30-39 years,Female,Physical Abuse,1.65,Police,4,0,1,1,0,4.4,0,0,0,1,0.2,0.628
2024,Spouse,30-39 years,Female,Emotional & Psychological Abuse,1.35,Hospital,5,0,0,0,0,2.7,0,0,0,0,0.2,0.442
2024,Spouse,30-39 years,Male,Physical Abuse,1.35,Social Service,2,1,0,1,0,3.5,0,0,0,0,0.4,0.452
2023,Spouse,18-29 years,Female,Physical Abuse,1.05,Police,4,0,0,1,0,4.5,0,1,0,1,0.0,0.428
2022,Spouse,18-29 years,Female,Physical Abuse,1.65,Social Service,5,0,1,1,0,3.4,0,0,0,0,0.4,0.678
2021,Spouse,18-29 years,Female,Physical Abuse,1.95,Police,4,1,1,1,0,4.3,0,0,0,0,0.6,0.752
2023,Spouse,40-49 years,Female,Physical Abuse,1.05,Hotline,4,0,0,1,0,4.0,0,0,0,1,0.0,0.428
2022,Spouse,30-39 years,Female,Physical Abuse,1.65,Police,5,0,1,1,0,4.2,0,0,0,0,0.4,0.678
2021,Spouse,30-39 years,Female,Physical Abuse,1.95,Police,2,0,1,1,0,4.1,0,0,0,0,0.2,0.552
2022,Spouse,50-64 years,Female,Physical Abuse,1.65,Hospital,2,0,1,1,0,4.2,0,0,0,0,0.2,0.528
2024,Spouse,30-39 years,Female,Emotional & Psychological Abuse,1.35,Hospital,4,0,0,0,0,2.7,0,0,0,0,0.0,0.392
2023,Non-Elderly VA,30-39 years,Female,Self-Neglect,0.2,Hospital,4,0,0,0,1,3.5,1,1,0,0,0.0,0.308
2022,Spouse,30-39 years,Female,Emotional & Psychological Abuse,1.65,Hospital,2,0,1,0,0,2.9,0,0,0,1,0.2,0.468
2023,Spouse,40-49 years,Male,Physical Abuse,1.05,Hospital,6,0,0,1,0,4.4,0,0,0,0,0.2,0.528
2021,Elderly VA,65+ years,Female,Self-Neglect,0.4,Police,2,1,0,0,1,4.2,1,1,0,1,0.4,0.342
2023,Spouse,30-39 years,Female,Physical Abuse,1.05,Police,4,0,0,1,0,4.4,0,0,0,1,0.0,0.428
2024,Spouse,18-29 years,Female,Physical Abuse,1.35,Hospital,2,0,0,1,0,4.2,0,0,0,0,0.0,0.352
2022,Spouse,30-39 years,Female,Physical Abuse,1.65,Hotline,2,0,1,1,0,4.1,0,0,0,1,0.2,0.528
2021,Spouse,18-29 years,Female,Emotional & Psychological Abuse,1.95,Hotline,5,0,1,0,0,2.4,0,0,0,1,0.4,0.643
2021,Spouse,50-64 years,Female,Physical Abuse,1.95,Police,4,1,1,1,0,4.4,0,0,0,1,0.6,0.752
2023,Spouse,50-64 years,Female,Physical Abuse,1.05,Hospital,4,0,0,1,0,4.5,0,0,0,1,0.0,0.428
2021,Spouse,40-49 years,Female,Physical Abuse,1.95,Police,2,0,1,1,0,4.2,0,0,0,0,0.2,0.552
2023,Spouse,50-64 years,Male,Emotional & Psychological Abuse,1.05,Police,4,1,0,0,0,2.6,0,0,0,0,0.4,0.468
2021,Spouse,50-64 years,Female,Physical Abuse,1.95,Hotline,3,1,1,1,0,3.8,0,0,0,0,0.6,0.702
2024,Spouse,18-29 years,Female,Emotional & Psychological Abuse,1.35,Police,2,0,0,0,0,2.8,0,0,0,0,0.0,0.292
2023,Spouse,50-64 years,Female,Physical Abuse,1.05,Hotline,6,0,0,1,0,4.0,0,0,0,1,0.2,0.528
2023,Spouse,30-39 years,Female,Physical Abuse,1.05,Hospital,3,1,1,1,0,4.4,0,1,0,1,0.6,0.628
2023,Spouse,50-64 years,Female,Emotional & Psychological Abuse,1.05,Hospital,6,0,0,0,0,2.6,0,0,0,0,0.2,0.468
2021,Spouse,50-64 years,Male,Emotional & Psychological Abuse,1.95,Hospital,6,0,1,0,0,2.8,0,0,0,0,0.4,0.692
2021,Spouse,30-39 years,Female,Physical Abuse,1.95,Hospital,6,0,1,1,0,4.3,0,0,0,0,0.4,0.753
2024,Spouse,18-29 years,Female,Physical Abuse,1.35,Hotline,5,0,0,1,0,3.8,0,0,0,0,0.2,0.503
2022,Spouse,30-39 years,Female,Emotional & Psychological Abuse,1.65,Police,6,1,1,0,0,2.6,0,0,0,0,0.8,0.768
2021,Spouse,30-39 years,Male,Physical Abuse,1.95,Police,2,0,1,1,0,4.2,0,0,0,0,0.2,0.552
2022,Spouse,50-64 years,Female,Physical Abuse,1.65,Social Service,6,0,1,1,0,3.7,0,1,0,1,0.4,0.728
2022,Spouse,50-64 years,Female,Physical Abuse,1.65,Police,4,1,1,1,0,4.2,0,0,0,0,0.6,0.727
2023,Spouse,18-29 years,Female,Emotional & Psychological Abuse,1.05,Police,2,0,1,0,0,2.8,0,0,0,1,0.2,0.418
2023,Spouse,30-39 years,Female,Physical Abuse,1.05,Police,3,1,0,1,0,4.4,0,0,0,1,0.4,0.478
2021,Spouse,30-39 years,Female,Emotional & Psychological Abuse,1.95,Police,2,0,1,0,0,2.7,0,0,0,0,0.2,0.493
2022,Spouse,30-39 years,Female,Emotional & Psychological Abuse,1.65,Police,2,0,1,0,0,3.0,0,0,0,1,0.2,0.468
2023,Spouse,18-29 years,Female,Emotional & Psychological Abuse,1.05,Hospital,5,1,0,0,0,3.0,0,0,0,1,0.6,0.518
2023,Spouse,30-39 years,Male,Physical Abuse,1.05,Hospital,6,1,0,1,0,4.2,0,0,0,0,0.6,0.628
2021,Spouse,50-64 years,Male,Physical Abuse,1.95,Police,4,0,1,1,0,4.3,0,0,0,0,0.2,0.652
2022,Spouse,30-39 years,Female,Physical Abuse,1.65,Police,5,0,1,1,0,4.2,0,0,0,0,0.4,0.678
2023,Spouse,30-39 years,Female,Emotional & Psychological Abuse,1.05,Hotline,2,0,0,0,0,2.3,0,0,0,0,0.0,0.268
2021,Spouse,40-49 years,Female,Emotional & Psychological Abuse,1.95,Police,6,0,1,0,0,2.6,0,0,0,0,0.4,0.692
2024,Spouse,30-39 years,Female,Physical Abuse,1.35,Police,5,1,1,1,0,4.3,0,0,0,1,0.8,0.753
2022,Spouse,50-64 years,Female,Physical Abuse,1.65,Police,5,0,1,1,0,4.3,0,0,0,1,0.4,0.678
2021,Spouse,50-64 years,Female,Physical Abuse,1.95,Police,6,0,1,1,0,4.1,0,0,0,0,0.4,0.753
2021,Spouse,30-39 years,Female,Physical Abuse,1.95,Police,4,0,1,1,0,4.2,0,0,0,0,0.2,0.652
2021,Spouse,30-39 years,Female,Physical Abuse,1.95,Police,3,0,1,1,0,4.5,1,1,0,1,0.2,0.602
2022,Spouse,30-39 years,Female,Physical Abuse,1.65,Police,3,0,1,1,0,4.2,0,0,0,0,0.2,0.578
2024,Spouse,30-39 years,Female,Physical Abuse,1.35,Hospital,2,1,0,1,0,4.2,0,0,0,0,0.4,0.452
2024,Spouse,18-29 years,Female,Emotional & Psychological Abuse,1.35,Hospital,6,1,0,0,0,2.8,0,0,0,0,0.6,0.592
2024,Spouse,40-49 years,Male,Physical Abuse,1.35,Hospital,3,0,0,1,0,4.5,0,0,0,0,0.0,0.402
2024,Spouse,30-39 years,Female,Physical Abuse,1.35,Police,4,1,0,1,0,4.2,0,0,0,0,0.4,0.552
2023,Spouse,18-29 years,Male,Emotional & Psychological Abuse,1.05,Hospital,5,0,0,0,0,2.9,0,0,0,0,0.2,0.418
2024,Spouse,30-39 years,Male,Physical Abuse,1.35,Hospital,2,0,0,1,0,4.4,0,0,0,0,0.0,0.352
2022,Spouse,50-64 years,Female,Emotional & Psychological Abuse,1.65,Social Service,2,0,1,0,0,1.9,0,0,0,0,0.2,0.468
2023,Spouse,30-39 years,Female,Physical Abuse,1.05,Police,6,1,0,1,0,4.4,0,0,0,1,0.6,0.628
2021,Spouse,18-29 years,Female,Physical Abuse,1.95,Hospital,2,0,1,1,0,4.2,0,0,0,0,0.2,0.552
2021,Elderly VA,65+ years,Male,Self-Neglect,0.4,Community,4,0,0,0,1,3.4,1,1,0,0,0.0,0.342
2021,Spouse,30-39 years,Female,Emotional & Psychological Abuse,1.95,Hospital,4,0,1,0,0,2.9,0,0,0,1,0.2,0.592
2022,Spouse,50-64 years,Female,Physical Abuse,1.65,Police,6,0,1,1,0,4.3,0,0,0,1,0.4,0.728
2024,Spouse,30-39 years,Female,Physical Abuse,1.35,Police,2,1,1,1,0,4.1,0,0,0,0,0.6,0.602
2022,Spouse,40-49 years,Female,Emotional & Psychological Abuse,1.65,Hospital,5,1,1,0,0,2.9,0,0,0,1,0.8,0.718
2021,Spouse,40-49 years,Female,Physical Abuse,1.95,Hotline,6,0,1,1,0,3.8,0,0,0,0,0.4,0.753
2022,Spouse,30-39 years,Female,Physical Abuse,1.65,Hotline,2,0,1,1,0,3.8,0,0,0,0,0.2,0.528
2024,Spouse,40-49 years,Female,Emotional & Psychological Abuse,1.35,Police,3,0,1,0,0,2.6,0,0,0,0,0.2,0.492
2021,Spouse,30-39 years,Female,Emotional & Psychological Abuse,1.95,Hospital,2,0,1,0,0,2.8,0,0,0,1,0.2,0.493
2024,Spouse,40-49 years,Female,Physical Abuse,1.35,Hospital,2,0,0,1,0,4.4,0,0,0,1,0.0,0.352
2021,Spouse,40-49 years,Female,Physical Abuse,1.95,Hotline,6,1,1,1,0,3.7,0,0,0,0,0.8,0.852
2023,Spouse,30-39 years,Female,Physical Abuse,1.05,Hotline,2,0,0,1,0,3.9,0,0,0,1,0.0,0.328
2023,Spouse,18-29 years,Female,Physical Abuse,1.05,Social Service,2,0,0,1,0,3.4,0,0,0,0,0.0,0.328
2023,Spouse,50-64 years,Female,Physical Abuse,1.05,Police,4,0,0,1,0,4.4,0,0,0,1,0.0,0.428
2024,Spouse,30-39 years,Female,Physical Abuse,1.35,Police,4,0,1,1,0,4.2,0,0,0,0,0.2,0.602
2024,Spouse,18-29 years,Female,Physical Abuse,1.35,Hotline,6,0,0,1,0,4.0,0,0,0,1,0.2,0.552
2023,Spouse,18-29 years,Female,Physical Abuse,1.05,Police,2,0,0,1,0,4.3,0,0,0,0,0.0,0.328
2022,Spouse,40-49 years,Female,Emotional & Psychological Abuse,1.65,Hotline,4,0,1,0,0,2.6,0,0,0,1,0.2,0.568
2022,Spouse,40-49 years,Male,Physical Abuse,1.65,Police,5,0,1,1,0,4.2,0,0,0,0,0.4,0.678
2021,Spouse,18-29 years,Female,Physical Abuse,1.95,Social Service,6,0,1,1,0,3.4,0,0,0,0,0.4,0.753
2022,Spouse,30-39 years,Female,Physical Abuse,1.65,Hospital,6,1,1,1,0,4.1,0,0,0,0,0.8,0.828
2024,Non-Elderly VA,40-49 years,Male,Self-Neglect,0.1,Hospital,2,0,1,0,1,3.5,1,1,0,0,0.2,0.375
2023,Spouse,30-39 years,Female,Physical Abuse,1.05,Police,5,0,0,1,0,4.5,0,0,0,1,0.2,0.478
2023,Spouse,40-49 years,Female,Physical Abuse,1.05,Hospital,6,0,1,1,0,4.2,0,0,0,0,0.4,0.678
2024,Spouse,18-29 years,Female,Emotional & Psychological Abuse,1.35,Police,2,0,1,0,0,2.9,0,0,0,1,0.2,0.442
2021,Spouse,40-49 years,Female,Emotional & Psychological Abuse,1.95,Police,5,0,1,0,0,2.9,0,0,0,1,0.4,0.643
2022,Spouse,30-39 years,Female,Physical Abuse,1.65,Police,3,0,1,1,0,4.3,0,0,0,1,0.2,0.578
2021,Spouse,50-64 years,Male,Physical Abuse,1.95,Hotline,3,0,1,1,0,3.9,0,0,0,0,0.2,0.602
2024,Spouse,18-29 years,Female,Physical Abuse,1.35,Hotline,5,0,0,1,0,3.8,0,0,0,0,0.2,0.503
2024,Spouse,30-39 years,Female,Physical Abuse,1.35,Hotline,2,1,0,1,0,3.7,0,0,0,0,0.4,0.452
2024,Spouse,18-29 years,Female,Emotional & Psychological Abuse,1.35,Police,3,1,1,0,0,3.0,0,0,0,1,0.6,0.592
2024,Spouse,50-64 years,Male,Physical Abuse,1.35,Police,2,0,1,1,0,4.5,0,0,0,0,0.2,0.502
2024,Spouse,50-64 years,Female,Physical Abuse,1.35,Police,2,0,0,1,0,4.4,0,0,0,1,0.0,0.352
2023,Spouse,30-39 years,Female,Emotional & Psychological Abuse,1.05,Hotline,3,1,1,0,0,2.3,0,0,0,0,0.6,0.568
2022,Spouse,40-49 years,Female,Physical Abuse,1.65,Hospital,4,0,1,1,0,4.2,0,0,0,0,0.2,0.628
2024,Spouse,50-64 years,Female,Physical Abuse,1.35,Hotline,6,0,0,1,0,4.0,0,0,0,1,0.2,0.552
2021,Spouse,40-49 years,Male,Physical Abuse,1.95,Police,2,0,1,1,0,4.5,0,0,0,0,0.2,0.552
2023,Spouse,30-39 years,Female,Physical Abuse,1.05,Hotline,3,0,0,1,0,4.1,0,0,0,1,0.0,0.378
2022,Spouse,30-39 years,Male,Emotional & Psychological Abuse,1.65,Hotline,3,0,1,0,0,2.5,0,0,0,0,0.2,0.518
2021,Spouse,18-29 years,Female,Physical Abuse,1.95,Police,4,1,1,1,0,4.4,0,0,0,1,0.6,0.752
2023,Spouse,50-64 years,Male,Physical Abuse,1.05,Police,3,0,1,1,0,4.1,0,0,0,0,0.2,0.528
2021,Spouse,50-64 years,Female,Emotional & Psychological Abuse,1.95,Hotline,5,1,1,0,0,2.3,0,0,0,0,0.8,0.742
2022,Spouse,40-49 years,Female,Emotional & Psychological Abuse,1.65,Hotline,4,1,1,0,0,2.6,0,0,0,1,0.6,0.668
2021,Spouse,30-39 years,Male,Emotional & Psychological Abuse,1.95,Police,3,0,1,0,0,2.8,0,0,0,0,0.2,0.542
2022,Spouse,30-39 years,Male,Physical Abuse,1.65,Police,4,0,1,1,0,4.1,0,0,0,0,0.2,0.628
2024,Spouse,40-49 years,Female,Emotional & Psychological Abuse,1.35,Police,2,0,0,0,0,2.6,0,0,0,0,0.0,0.292
2024,Spouse,50-64 years,Male,Physical Abuse,1.35,Hospital,3,0,1,1,0,4.4,0,0,0,0,0.2,0.552
2021,Spouse,50-64 years,Female,Physical Abuse,1.95,Social Service,6,0,1,1,0,3.3,0,0,0,0,0.4,0.753
2022,Spouse,40-49 years,Female,Physical Abuse,1.65,Police,6,0,1,1,0,4.2,0,0,0,0,0.4,0.728
2023,Spouse,40-49 years,Female,Emotional & Psychological Abuse,1.05,Hotline,2,0,0,0,0,2.4,0,0,0,1,0.0,0.268
2021,Spouse,18-29 years,Male,Physical Abuse,1.95,Social Service,5,0,1,1,0,3.6,0,0,0,0,0.4,0.702
2023,Spouse,18-29 years,Female,Emotional & Psychological Abuse,1.05,Police,6,1,0,0,0,2.9,0,0,0,1,0.6,0.568
2021,Elderly VA,65+ years,Female,Self-Neglect,0.4,Social Service,5,0,0,0,1,3.2,1,0,0,1,0.2,0.392
2023,Spouse,50-64 years,Female,Emotional & Psychological Abuse,1.05,Hospital,4,0,0,0,0,2.9,0,0,0,1,0.0,0.368
2024,Spouse,40-49 years,Female,Emotional & Psychological Abuse,1.35,Police,2,0,0,0,0,2.7,0,0,0,0,0.0,0.292
2021,Spouse,18-29 years,Female,Physical Abuse,1.95,Hospital,6,1,1,1,0,4.2,0,0,0,0,0.8,0.852
2023,Spouse,18-29 years,Female,Physical Abuse,1.05,Social Service,3,0,0,1,0,3.6,0,0,0,1,0.0,0.378
2023,Spouse,40-49 years,Female,Physical Abuse,1.05,Hospital,5,1,0,1,0,4.4,0,0,0,1,0.6,0.578
2024,Spouse,18-29 years,Female,Physical Abuse,1.35,Police,4,1,0,1,0,4.4,0,0,0,1,0.4,0.552
2024,Spouse,18-29 years,Female,Physical Abuse,1.35,Police,2,0,0,1,0,4.4,0,0,0,1,0.0,0.352
2021,Spouse,30-39 years,Female,Emotional & Psychological Abuse,1.95,Hospital,5,0,1,0,0,2.8,0,0,0,1,0.4,0.643
2024,Spouse,40-49 years,Female,Emotional & Psychological Abuse,1.35,Police,3,0,1,0,0,2.6,0,0,0,0,0.2,0.492
2022,Spouse,40-49 years,Female,Physical Abuse,1.65,Police,5,0,1,1,0,4.2,0,0,0,0,0.4,0.678
2023,Spouse,30-39 years,Male,Physical Abuse,1.05,Social Service,6,0,0,1,0,3.4,0,0,0,0,0.2,0.528
2024,Spouse,40-49 years,Female,Physical Abuse,1.35,Social Service,2,1,0,1,0,3.4,0,0,0,0,0.4,0.452
2022,Spouse,30-39 years,Female,Emotional & Psychological Abuse,1.65,Police,4,0,1,0,0,3.0,0,0,0,1,0.2,0.568
2023,Spouse,30-39 years,Female,Physical Abuse,1.05,Hotline,6,0,0,1,0,3.9,0,0,0,0,0.2,0.528
2024,Spouse,40-49 years,Female,Physical Abuse,1.35,Hospital,3,0,0,1,0,4.5,0,0,0,1,0.0,0.402
2022,Spouse,40-49 years,Female,Physical Abuse,1.65,Police,5,0,1,1,0,4.4,0,0,0,1,0.4,0.678
2023,Spouse,50-64 years,Female,Physical Abuse,1.05,Hotline,5,1,0,1,0,4.0,0,0,0,1,0.6,0.578
2024,Spouse,40-49 years,Male,Physical Abuse,1.35,Social Service,4,0,0,1,0,3.5,0,0,0,0,0.0,0.452
2021,Spouse,40-49 years,Female,Physical Abuse,1.95,Police,4,1,1,1,0,4.3,0,0,0,1,0.6,0.752
2023,Spouse,18-29 years,Female,Physical Abuse,1.05,Police,6,1,0,1,0,4.3,0,0,0,0,0.6,0.628
2024,Spouse,30-39 years,Female,Physical Abuse,1.35,Police,3,0,0,1,0,4.2,0,0,0,0,0.0,0.402
2022,Spouse,30-39 years,Female,Emotional & Psychological Abuse,1.65,Hotline,5,0,1,0,0,2.5,0,0,0,1,0.4,0.618
2024,Spouse,30-39 years,Female,Physical Abuse,1.35,Social Service,2,0,1,1,0,3.4,0,0,0,0,0.2,0.502
2023,Spouse,50-64 years,Female,Physical Abuse,1.05,Hospital,2,0,0,1,0,4.1,0,0,0,0,0.0,0.328
2021,Spouse,30-39 years,Female,Physical Abuse,1.95,Police,6,0,1,1,0,4.4,0,0,0,1,0.4,0.753
2023,Spouse,50-64 years,Female,Emotional & Psychological Abuse,1.05,Hotline,4,1,0,0,0,2.3,0,0,0,0,0.4,0.468
2024,Spouse,40-49 years,Female,Emotional & Psychological Abuse,1.35,Police,6,1,0,0,0,3.0,0,0,0,1,0.6,0.592
2021,Spouse,40-49 years,Male,Physical Abuse,1.95,Police,5,1,1,1,0,4.5,1,1,0,0,0.8,0.802
2022,Spouse,30-39 years,Female,Physical Abuse,1.65,Social Service,4,1,1,1,0,3.7,0,0,0,1,0.6,0.727
2022,Spouse,40-49 years,Female,Physical Abuse,1.65,Social Service,4,0,1,1,0,3.4,0,0,0,0,0.2,0.628
2024,Spouse,30-39 years,Female,Emotional & Psychological Abuse,1.35,Hotline,4,1,0,0,0,2.2,0,0,0,0,0.4,0.493
2021,Spouse,18-29 years,Male,Physical Abuse,1.95,Police,6,0,1,1,0,4.5,1,0,0,0,0.4,0.753
2024,Spouse,40-49 years,Male,Emotional & Psychological Abuse,1.35,Police,6,1,0,0,0,2.8,0,0,0,0,0.6,0.592
2023,Non-Elderly VA,30-39 years,Female,Physical Abuse,0.7,Hospital,3,0,0,1,0,4.5,1,1,0,1,0.0,0.348
2022,Spouse,30-39 years,Female,Physical Abuse,1.65,Social Service,6,1,1,1,0,3.7,0,0,0,1,0.8,0.828
2022,Non-Elderly VA,50-64 years,Female,Physical Abuse,1.1,Community,3,0,0,1,0,3.6,1,1,0,1,0.0,0.382
2023,Spouse,18-29 years,Female,Physical Abuse,1.05,Hospital,6,0,0,1,0,4.2,0,0,0,0,0.2,0.528
2022,Spouse,40-49 years,Female,Physical Abuse,1.65,Hospital,4,1,1,1,0,4.3,0,0,0,0,0.6,0.727
2021,Spouse,18-29 years,Male,Physical Abuse,1.95,Hospital,5,0,1,1,0,4.4,0,0,0,0,0.4,0.702
2023,Spouse,50-64 years,Female,Emotional & Psychological Abuse,1.05,Hospital,2,0,0,0,0,2.7,0,0,0,0,0.0,0.268
2024,Spouse,50-64 years,Female,Emotional & Psychological Abuse,1.35,Hospital,6,0,0,0,0,2.7,0,0,0,0,0.2,0.492
2023,Spouse,50-64 years,Male,Physical Abuse,1.05,Police,6,0,0,1,0,4.3,0,0,0,0,0.2,0.528
2023,Spouse,30-39 years,Female,Emotional & Psychological Abuse,1.05,Hospital,3,1,0,0,0,3.0,0,0,0,1,0.4,0.418
2024,Spouse,18-29 years,Female,Physical Abuse,1.35,Police,6,1,0,1,0,4.4,0,0,0,1,0.6,0.652
2021,Spouse,50-64 years,Female,Emotional & Psychological Abuse,1.95,Police,6,1,1,0,0,2.8,0,0,0,1,0.8,0.792
2023,Spouse,30-39 years,Female,Physical Abuse,1.05,Social Service,4,1,0,1,0,3.3,0,0,0,0,0.4,0.528
2023,Spouse,50-64 years,Female,Emotional & Psychological Abuse,1.05,Police,4,0,0,0,0,2.8,0,0,0,1,0.0,0.368
2022,Spouse,50-64 years,Female,Physical Abuse,1.65,Police,3,0,1,1,0,4.5,0,1,0,1,0.2,0.578
2024,Spouse,50-64 years,Female,Physical Abuse,1.35,Hotline,4,0,0,1,0,3.8,0,0,0,0,0.0,0.452
2023,Spouse,30-39 years,Female,Physical Abuse,1.05,Social Service,3,0,0,1,0,3.5,0,0,0,1,0.0,0.378
2023,Spouse,30-39 years,Male,Physical Abuse,1.05,Police,2,0,0,1,0,4.5,0,0,0,0,0.0,0.328
2024,Spouse,50-64 years,Male,Physical Abuse,1.35,Police,5,0,0,1,0,4.4,0,0,0,0,0.2,0.503
2024,Spouse,30-39 years,Female,Physical Abuse,1.35,Police,4,0,0,1,0,4.4,0,0,0,1,0.0,0.452
2021,Spouse,18-29 years,Female,Physical Abuse,1.95,Hospital,2,1,1,1,0,4.4,0,0,0,1,0.6,0.652
2022,Spouse,40-49 years,Female,Physical Abuse,1.65,Police,5,0,1,1,0,4.2,0,0,0,0,0.4,0.678
2024,Spouse,50-64 years,Female,Physical Abuse,1.35,Police,6,0,0,1,0,4.2,0,0,0,0,0.2,0.552
2021,Spouse,40-49 years,Male,Physical Abuse,1.95,Police,4,1,1,1,0,4.4,0,0,0,0,0.6,0.752
2022,Spouse,40-49 years,Female,Emotional & Psychological Abuse,1.65,Police,4,0,1,0,0,2.9,0,0,0,1,0.2,0.568
2022,Spouse,18-29 years,Male,Physical Abuse,1.65,Police,6,0,1,1,0,4.4,0,0,0,0,0.4,0.728
2023,Spouse,40-49 years,Female,Physical Abuse,1.05,Police,2,1,0,1,0,4.5,1,1,0,1,0.4,0.428
2021,Spouse,50-64 years,Female,Emotional & Psychological Abuse,1.95,Hospital,4,1,1,0,0,2.8,0,0,0,1,0.6,0.692
2024,Spouse,18-29 years,Male,Physical Abuse,1.35,Police,6,0,0,1,0,4.3,0,0,0,0,0.2,0.552
2024,Spouse,30-39 years,Female,Physical Abuse,1.35,Hotline,3,0,1,1,0,4.0,0,0,0,1,0.2,0.552
2021,Spouse,50-64 years,Female,Physical Abuse,1.95,Police,6,0,1,1,0,4.4,0,0,0,1,0.4,0.753
2022,Spouse,40-49 years,Female,Emotional & Psychological Abuse,1.65,Social Service,6,0,1,0,0,2.1,0,0,0,1,0.4,0.668
2021,Spouse,40-49 years,Female,Physical Abuse,1.95,Police,4,1,1,1,0,4.4,0,0,0,1,0.6,0.752
2023,Spouse,40-49 years,Male,Physical Abuse,1.05,Police,3,0,0,1,0,4.5,0,0,0,0,0.0,0.378
2021,Spouse,30-39 years,Male,Physical Abuse,1.95,Police,5,0,1,1,0,4.2,0,0,0,0,0.4,0.702
2021,Spouse,30-39 years,Female,Physical Abuse,1.95,Police,4,0,1,1,0,4.3,0,0,0,0,0.2,0.652
2021,Spouse,50-64 years,Female,Physical Abuse,1.95,Hotline,3,0,1,1,0,3.7,0,0,0,0,0.2,0.602
2024,Spouse,50-64 years,Male,Physical Abuse,1.35,Police,5,0,0,1,0,4.3,0,0,0,0,0.2,0.503
2023,Spouse,50-64 years,Female,Emotional & Psychological Abuse,1.05,Hotline,3,1,1,0,0,2.2,0,0,0,0,0.6,0.568
2023,Spouse,50-64 years,Female,Emotional & Psychological Abuse,1.05,Hospital,5,0,1,0,0,2.8,0,0,0,0,0.4,0.568
2021,Spouse,30-39 years,Female,Physical Abuse,1.95,Police,2,1,1,1,0,4.3,0,0,0,1,0.6,0.652
2022,Spouse,30-39 years,Female,Emotional & Psychological Abuse,1.65,Police,4,0,1,0,0,2.7,0,0,0,0,0.2,0.568
2024,Spouse,40-49 years,Male,Physical Abuse,1.35,Police,2,1,0,1,0,4.3,0,0,0,0,0.4,0.452
2023,Spouse,40-49 years,Female,Physical Abuse,1.05,Police,4,1,0,1,0,4.1,0,0,0,0,0.4,0.528
2022,Spouse,40-49 years,Female,Physical Abuse,1.65,Police,3,1,1,1,0,4.1,0,0,0,0,0.6,0.678
2024,Spouse,40-49 years,Female,Physical Abuse,1.35,Police,6,0,0,1,0,4.4,0,0,0,1,0.2,0.552
2021,Spouse,50-64 years,Female,Emotional & Psychological Abuse,1.95,Police,3,1,1,0,0,2.7,0,0,0,0,0.6,0.642
2024,Spouse,30-39 years,Female,Physical Abuse,1.35,Hotline,5,1,0,1,0,3.8,0,0,0,0,0.6,0.602
2021,Spouse,30-39 years,Female,Physical Abuse,1.95,Hospital,4,1,1,1,0,4.3,0,0,0,1,0.6,0.752
2024,Spouse,18-29 years,Female,Physical Abuse,1.35,Hospital,5,0,0,1,0,4.4,0,0,0,1,0.2,0.503
2021,Spouse,40-49 years,Female,Physical Abuse,1.95,Hotline,2,0,1,1,0,3.8,0,0,0,0,0.2,0.552
2022,Spouse,18-29 years,Female,Physical Abuse,1.65,Police,4,0,1,1,0,4.3,0,0,0,1,0.2,0.628
2021,Spouse,30-39 years,Female,Physical Abuse,1.95,Hospital,4,0,1,1,0,4.1,0,0,0,0,0.2,0.652
2024,Spouse,30-39 years,Male,Emotional & Psychological Abuse,1.35,Hospital,4,1,0,0,0,2.6,0,0,0,0,0.4,0.493
2024,Spouse,30-39 years,Female,Physical Abuse,1.35,Social Service,6,0,0,1,0,3.5,0,0,0,1,0.2,0.552
2024,Spouse,40-49 years,Female,Emotional & Psychological Abuse,1.35,Police,4,0,1,0,0,2.8,0,0,0,1,0.2,0.542
2022,Spouse,18-29 years,Female,Physical Abuse,1.65,Police,3,1,1,1,0,4.4,0,0,0,1,0.6,0.678
2024,Spouse,18-29 years,Female,Physical Abuse,1.35,Police,5,1,1,1,0,4.4,0,0,0,1,0.8,0.753
2021,Spouse,50-64 years,Male,Physical Abuse,1.95,Police,2,0,1,1,0,4.5,0,0,0,0,0.2,0.552
2021,Spouse,30-39 years,Female,Physical Abuse,1.95,Hospital,4,0,1,1,0,4.3,0,0,0,1,0.2,0.652
2021,Spouse,18-29 years,Male,Physical Abuse,1.95,Police,2,0,1,1,0,4.2,0,0,0,0,0.2,0.552
2023,Spouse,30-39 years,Female,Physical Abuse,1.05,Police,4,0,0,1,0,4.4,0,0,0,1,0.0,0.428
2022,Spouse,40-49 years,Female,Physical Abuse,1.65,Police,3,0,1,1,0,4.2,0,0,0,0,0.2,0.578
2024,Spouse,30-39 years,Female,Physical Abuse,1.35,Police,2,0,0,1,0,4.3,0,0,0,0,0.0,0.352
2022,Spouse,40-49 years,Male,Physical Abuse,1.65,Police,5,0,1,1,0,4.1,0,0,0,0,0.4,0.678
2021,Spouse,18-29 years,Female,Physical Abuse,1.95,Hospital,2,0,1,1,0,4.1,0,0,0,0,0.2,0.552
2022,Spouse,18-29 years,Female,Emotional & Psychological Abuse,1.65,Social Service,6,0,1,0,0,2.2,0,0,0,1,0.4,0.668
2024,Spouse,30-39 years,Female,Emotional & Psychological Abuse,1.35,Hospital,2,1,0,0,0,2.9,0,0,0,1,0.4,0.392
2022,Spouse,30-39 years,Female,Physical Abuse,1.65,Hospital,6,0,1,1,0,4.4,0,0,0,1,0.4,0.728
2024,Spouse,40-49 years,Female,Physical Abuse,1.35,Police,6,0,1,1,0,4.3,0,0,0,0,0.4,0.702
2022,Spouse,40-49 years,Female,Physical Abuse,1.65,Police,5,0,1,1,0,4.2,0,0,0,0,0.4,0.678
2023,Spouse,50-64 years,Female,Emotional & Psychological Abuse,1.05,Hospital,5,0,0,0,0,2.7,0,0,0,0,0.2,0.418
2024,Spouse,30-39 years,Female,Physical Abuse,1.35,Police,3,0,0,1,0,4.2,0,0,0,0,0.0,0.402
2021,Spouse,30-39 years,Female,Physical Abuse,1.95,Hospital,2,0,1,1,0,4.3,0,0,0,1,0.2,0.552
2023,Spouse,40-49 years,Female,Physical Abuse,1.05,Police,3,0,0,1,0,4.4,0,0,0,1,0.0,0.378
2021,Spouse,30-39 years,Female,Physical Abuse,1.95,Hospital,5,0,1,1,0,4.4,0,0,0,1,0.4,0.702
2024,Spouse,30-39 years,Male,Physical Abuse,1.35,Police,4,0,0,1,0,4.2,0,0,0,0,0.0,0.452
2024,Spouse,18-29 years,Female,Physical Abuse,1.35,Police,5,0,0,1,0,4.5,1,0,0,1,0.2,0.503
2023,Spouse,18-29 years,Female,Emotional & Psychological Abuse,1.05,Police,6,0,0,0,0,2.9,0,0,0,1,0.2,0.468
2021,Spouse,50-64 years,Female,Physical Abuse,1.95,Police,6,1,1,1,0,4.3,0,0,0,1,0.8,0.852
2021,Spouse,50-64 years,Male,Physical Abuse,1.95,Hotline,4,0,1,1,0,3.9,0,0,0,0,0.2,0.652
2021,Spouse,40-49 years,Male,Physical Abuse,1.95,Hospital,3,0,1,1,0,4.3,0,0,0,0,0.2,0.602
2022,Spouse,30-39 years,Male,Physical Abuse,1.65,Police,3,0,1,1,0,4.2,0,0,0,0,0.2,0.578
2022,Spouse,18-29 years,Female,Physical Abuse,1.65,Police,5,0,1,1,0,4.2,0,0,0,0,0.4,0.678
2024,Spouse,18-29 years,Female,Physical Abuse,1.35,Social Service,3,1,0,1,0,3.6,0,0,0,1,0.4,0.502
2022,Spouse,30-39 years,Female,Physical Abuse,1.65,Hotline,3,1,1,1,0,3.7,0,0,0,0,0.6,0.678
2022,Spouse,30-39 years,Male,Physical Abuse,1.65,Social Service,3,0,1,1,0,3.3,0,0,0,0,0.2,0.578
2021,Spouse,40-49 years,Female,Physical Abuse,1.95,Police,6,0,1,1,0,4.1,0,0,0,0,0.4,0.753
2024,Spouse,40-49 years,Female,Emotional & Psychological Abuse,1.35,Police,4,0,0,0,0,2.6,0,0,0,0,0.0,0.392
2023,Spouse,30-39 years,Female,Physical Abuse,1.05,Hotline,2,0,0,1,0,4.0,0,0,0,1,0.0,0.328
2021,Spouse,50-64 years,Female,Physical Abuse,1.95,Police,6,0,1,1,0,4.4,0,0,0,1,0.4,0.753
2022,Spouse,40-49 years,Male,Physical Abuse,1.65,Hospital,6,0,1,1,0,4.3,0,0,0,0,0.4,0.728
2023,Non-Elderly VA,50-64 years,Male,Self-Neglect,0.2,Community,4,1,0,0,1,2.3,1,1,0,0,0.4,0.408
2023,Spouse,40-49 years,Female,Emotional & Psychological Abuse,1.05,Hotline,2,0,1,0,0,2.4,0,0,0,0,0.2,0.418
2024,Spouse,40-49 years,Female,Physical Abuse,1.35,Police,2,1,1,1,0,4.3,0,0,0,1,0.6,0.602
2024,Spouse,30-39 years,Female,Physical Abuse,1.35,Hotline,3,0,1,1,0,3.8,0,0,0,0,0.2,0.552
2022,Spouse,30-39 years,Female,Physical Abuse,1.65,Police,3,0,1,1,0,4.3,0,0,0,0,0.2,0.578
2022,Spouse,30-39 years,Female,Physical Abuse,1.65,Police,5,0,1,1,0,4.3,0,0,0,0,0.4,0.678
2021,Spouse,40-49 years,Female,Physical Abuse,1.95,Police,5,0,1,1,0,4.3,0,0,0,1,0.4,0.702
2023,Spouse,18-29 years,Male,Physical Abuse,1.05,Hotline,5,0,1,1,0,4.0,0,0,0,0,0.4,0.628
2024,Spouse,18-29 years,Female,Physical Abuse,1.35,Social Service,6,1,0,1,0,3.3,0,0,0,0,0.6,0.652
2024,Spouse,18-29 years,Female,Physical Abuse,1.35,Social Service,5,0,0,1,0,3.4,0,0,0,0,0.2,0.503
2021,Spouse,18-29 years,Male,Physical Abuse,1.95,Hospital,3,0,1,1,0,4.4,0,0,0,0,0.2,0.602
2022,Spouse,50-64 years,Female,Emotional & Psychological Abuse,1.65,Hospital,2,0,1,0,0,2.8,0,0,0,1,0.2,0.468
2024,Spouse,40-49 years,Male,Physical Abuse,1.35,Hospital,5,1,0,1,0,4.4,0,0,0,0,0.6,0.602
2023,Spouse,30-39 years,Female,Emotional & Psychological Abuse,1.05,Hotline,2,0,1,0,0,2.5,0,0,0,1,0.2,0.418
2023,Spouse,18-29 years,Female,Physical Abuse,1.05,Police,3,0,0,1,0,4.2,0,0,0,0,0.0,0.378
2022,Spouse,30-39 years,Female,Emotional & Psychological Abuse,1.65,Police,6,1,1,0,0,2.6,0,0,0,0,0.8,0.768
2022,Elderly VA,65+ years,Male,Self-Neglect,0.4,Hospital,3,0,0,0,1,4.2,1,1,0,0,0.0,0.25
2021,Spouse,30-39 years,Female,Emotional & Psychological Abuse,1.95,Hospital,2,0,1,0,0,2.6,0,0,0,0,0.2,0.493
2023,Spouse,18-29 years,Male,Physical Abuse,1.05,Hotline,5,1,1,1,0,3.9,0,0,0,0,0.8,0.728
2024,Spouse,30-39 years,Female,Physical Abuse,1.35,Police,2,1,0,1,0,4.5,0,0,0,1,0.4,0.452
2023,Spouse,30-39 years,Female,Physical Abuse,1.05,Police,5,1,0,1,0,4.3,0,0,0,1,0.6,0.578
2023,Spouse,40-49 years,Male,Physical Abuse,1.05,Police,2,0,0,1,0,4.3,0,0,0,0,0.0,0.328
2023,Spouse,40-49 years,Female,Physical Abuse,1.05,Hotline,4,0,0,1,0,4.0,0,0,0,1,0.0,0.428
2024,Spouse,18-29 years,Female,Physical Abuse,1.35,Hotline,2,1,0,1,0,3.9,0,0,0,0,0.4,0.452
2021,Spouse,30-39 years,Female,Emotional & Psychological Abuse,1.95,Hospital,4,0,1,0,0,2.8,0,0,0,1,0.2,0.592
2024,Spouse,40-49 years,Male,Physical Abuse,1.35,Hospital,3,0,0,1,0,4.5,0,1,0,0,0.0,0.402
2023,Spouse,30-39 years,Female,Physical Abuse,1.05,Police,5,1,0,1,0,4.3,0,0,0,0,0.6,0.578
2024,Spouse,50-64 years,Female,Emotional & Psychological Abuse,1.35,Police,3,1,1,0,0,3.0,0,0,0,1,0.6,0.592
2024,Spouse,40-49 years,Female,Emotional & Psychological Abuse,1.35,Hospital,6,0,0,0,0,3.0,0,0,0,1,0.2,0.492
2024,Spouse,18-29 years,Female,Physical Abuse,1.35,Police,4,0,0,1,0,4.2,0,0,0,0,0.0,0.452
2023,Spouse,18-29 years,Female,Physical Abuse,1.05,Police,2,0,0,1,0,4.1,0,0,0,0,0.0,0.328
2021,Spouse,40-49 years,Female,Physical Abuse,1.95,Social Service,5,0,1,1,0,3.3,0,0,0,0,0.4,0.702
2021,Spouse,18-29 years,Male,Emotional & Psychological Abuse,1.95,Hospital,2,1,1,0,0,2.6,0,0,0,0,0.6,0.592
2021,Spouse,40-49 years,Female,Physical Abuse,1.95,Hospital,3,0,1,1,0,4.1,0,0,0,0,0.2,0.602
2021,Spouse,50-64 years,Female,Physical Abuse,1.95,Hotline,6,0,1,1,0,4.0,0,0,0,1,0.4,0.753
2022,Spouse,40-49 years,Female,Physical Abuse,1.65,Hospital,4,1,1,1,0,4.1,0,0,0,0,0.6,0.727
2021,Spouse,30-39 years,Female,Emotional & Psychological Abuse,1.95,Hotline,3,0,1,0,0,2.3,0,0,0,0,0.2,0.542
2023,Spouse,40-49 years,Female,Emotional & Psychological Abuse,1.05,Police,6,0,0,0,0,2.9,0,0,0,1,0.2,0.468
2022,Spouse,30-39 years,Male,Physical Abuse,1.65,Hospital,6,0,1,1,0,4.1,0,0,0,0,0.4,0.728
2021,Non-Elderly VA,50-64 years,Female,Physical Abuse,1.3,Community,4,0,0,1,0,3.6,1,0,0,1,0.0,0.448
2024,Spouse,30-39 years,Female,Physical Abuse,1.35,Police,6,0,0,1,0,4.2,0,0,0,0,0.2,0.552
2024,Spouse,50-64 years,Female,Physical Abuse,1.35,Social Service,2,1,0,1,0,3.3,0,0,0,0,0.4,0.452
2021,Elderly VA,65+ years,Female,Self-Neglect,0.4,Community,4,1,0,0,1,3.4,1,0,0,1,0.4,0.442
2022,Spouse,30-39 years,Female,Emotional & Psychological Abuse,1.65,Hotline,2,0,1,0,0,2.5,0,0,0,1,0.2,0.468
2023,Spouse,50-64 years,Male,Emotional & Psychological Abuse,1.05,Police,6,0,0,0,0,3.0,0,0,0,0,0.2,0.468
2023,Non-Elderly VA,30-39 years,Female,Physical Abuse,0.7,Social Service,3,0,0,1,0,3.6,1,1,0,1,0.0,0.348
2021,Elderly VA,65+ years,Female,Physical Abuse,1.1,Hospital,5,0,0,1,0,5.0,1,0,0,1,0.2,0.482
2024,Spouse,50-64 years,Female,Physical Abuse,1.35,Police,5,0,0,1,0,4.2,0,0,0,0,0.2,0.503
2023,Spouse,18-29 years,Female,Emotional & Psychological Abuse,1.05,Police,3,1,0,0,0,2.7,0,0,0,0,0.4,0.418
2021,Spouse,18-29 years,Male,Physical Abuse,1.95,Police,6,0,1,1,0,4.4,0,0,0,0,0.4,0.753
2021,Spouse,18-29 years,Female,Physical Abuse,1.95,Hospital,4,0,1,1,0,4.4,0,0,0,1,0.2,0.652
2021,Spouse,18-29 years,Male,Emotional & Psychological Abuse,1.95,Police,2,0,1,0,0,3.0,0,0,0,0,0.2,0.493
2023,Spouse,18-29 years,Male,Emotional & Psychological Abuse,1.05,Police,3,0,1,0,0,2.8,0,0,0,0,0.2,0.468
2021,Spouse,40-49 years,Female,Emotional & Psychological Abuse,1.95,Social Service,5,0,1,0,0,1.9,0,0,0,0,0.4,0.643
2024,Spouse,18-29 years,Female,Physical Abuse,1.35,Hospital,3,0,0,1,0,4.4,0,0,0,1,0.0,0.402
2021,Elderly VA,65+ years,Male,Physical Abuse,1.1,Hospital,5,1,0,1,0,5.0,1,0,0,0,0.6,0.582
2024,Spouse,30-39 years,Female,Physical Abuse,1.35,Hotline,5,0,0,1,0,4.1,0,1,0,1,0.2,0.503
2023,Spouse,50-64 years,Female,Emotional & Psychological Abuse,1.05,Police,5,0,0,0,0,2.9,0,0,0,1,0.2,0.418
2021,Spouse,18-29 years,Female,Emotional & Psychological Abuse,1.95,Hotline,6,1,1,0,0,2.4,0,0,0,0,0.8,0.792
2023,Spouse,50-64 years,Female,Emotional & Psychological Abuse,1.05,Police,5,0,0,0,0,2.9,0,0,0,1,0.2,0.418
2022,Spouse,30-39 years,Female,Physical Abuse,1.65,Police,5,0,1,1,0,4.4,0,0,0,1,0.4,0.678
2021,Spouse,18-29 years,Female,Physical Abuse,1.95,Police,4,1,1,1,0,4.1,0,0,0,0,0.6,0.752
2021,Spouse,40-49 years,Female,Physical Abuse,1.95,Hotline,4,0,1,1,0,4.1,0,1,0,1,0.2,0.652
2022,Spouse,40-49 years,Female,Physical Abuse,1.65,Police,6,0,1,1,0,4.3,0,0,0,1,0.4,0.728
2023,Spouse,50-64 years,Female,Physical Abuse,1.05,Hospital,2,0,0,1,0,4.4,0,0,0,1,0.0,0.328
2021,Spouse,40-49 years,Female,Emotional & Psychological Abuse,1.95,Police,3,1,1,0,0,2.7,0,0,0,0,0.6,0.642
2023,Spouse,50-64 years,Male,Emotional & Psychological Abuse,1.05,Hospital,6,1,0,0,0,3.0,0,0,0,0,0.6,0.568
2022,Spouse,30-39 years,Female,Physical Abuse,1.65,Hotline,3,0,1,1,0,3.9,0,0,0,0,0.2,0.578
2024,Spouse,18-29 years,Female,Physical Abuse,1.35,Police,3,0,0,1,0,4.1,0,0,0,0,0.0,0.402
2021,Spouse,40-49 years,Female,Physical Abuse,1.95,Police,4,0,1,1,0,4.5,1,0,0,1,0.2,0.652
2021,Spouse,50-64 years,Female,Physical Abuse,1.95,Police,5,0,1,1,0,4.1,0,0,0,0,0.4,0.702
2023,Spouse,50-64 years,Female,Emotional & Psychological Abuse,1.05,Hotline,5,1,0,0,0,2.3,0,0,0,0,0.6,0.518
2022,Spouse,30-39 years,Female,Physical Abuse,1.65,Police,3,0,1,1,0,4.5,0,0,0,1,0.2,0.578
2021,Spouse,30-39 years,Male,Emotional & Psychological Abuse,1.95,Police,3,0,1,0,0,3.0,0,0,0,0,0.2,0.542
2022,Spouse,40-49 years,Female,Physical Abuse,1.65,Hotline,5,0,1,1,0,3.9,0,0,0,1,0.4,0.678
2022,Spouse,30-39 years,Female,Physical Abuse,1.65,Hotline,5,0,1,1,0,4.0,0,0,0,1,0.4,0.678
2021,Spouse,50-64 years,Female,Physical Abuse,1.95,Hotline,3,0,1,1,0,3.9,0,0,0,0,0.2,0.602
2022,Spouse,50-64 years,Female,Emotional & Psychological Abuse,1.65,Police,6,0,1,0,0,2.7,0,0,0,0,0.4,0.668
2021,Spouse,30-39 years,Female,Physical Abuse,1.95,Hotline,3,0,1,1,0,3.8,0,0,0,0,0.2,0.602
2023,Spouse,40-49 years,Female,Physical Abuse,1.05,Hotline,5,0,0,1,0,4.0,0,0,0,1,0.2,0.478
2022,Spouse,40-49 years,Female,Physical Abuse,1.65,Police,5,1,1,1,0,4.4,0,0,0,1,0.8,0.778
2024,Spouse,18-29 years,Male,Emotional & Psychological Abuse,1.35,Hospital,4,0,0,0,0,2.9,0,0,0,0,0.0,0.392
2024,Spouse,50-64 years,Female,Emotional & Psychological Abuse,1.35,Social Service,2,0,0,0,0,2.1,0,0,0,1,0.0,0.292
2022,Spouse,30-39 years,Female,Emotional & Psychological Abuse,1.65,Hotline,4,0,1,0,0,2.2,0,0,0,0,0.2,0.568
2023,Spouse,50-64 years,Female,Physical Abuse,1.05,Hotline,4,1,1,1,0,3.9,0,0,0,1,0.6,0.678
2022,Spouse,30-39 years,Female,Physical Abuse,1.65,Hotline,6,0,1,1,0,3.7,0,0,0,0,0.4,0.728
2023,Spouse,50-64 years,Female,Physical Abuse,1.05,Police,2,0,0,1,0,4.3,0,0,0,1,0.0,0.328
2024,Spouse,30-39 years,Male,Physical Abuse,1.35,Police,6,0,0,1,0,4.3,0,0,0,0,0.2,0.552
2024,Spouse,18-29 years,Female,Physical Abuse,1.35,Hospital,3,0,0,1,0,4.5,0,0,0,1,0.0,0.402
2022,Spouse,50-64 years,Female,Emotional & Psychological Abuse,1.65,Hospital,5,0,1,0,0,2.7,0,0,0,0,0.4,0.618
2023,Spouse,18-29 years,Male,Physical Abuse,1.05,Police,6,0,0,1,0,4.1,0,0,0,0,0.2,0.528
2021,Spouse,30-39 years,Female,Physical Abuse,1.95,Hotline,5,0,1,1,0,3.8,0,0,0,0,0.4,0.702
2023,Spouse,50-64 years,Female,Physical Abuse,1.05,Social Service,3,0,0,1,0,3.6,0,0,0,1,0.0,0.378
2021,Spouse,50-64 years,Female,Emotional & Psychological Abuse,1.95,Police,2,0,1,0,0,2.8,0,0,0,1,0.2,0.493
2024,Spouse,40-49 years,Female,Physical Abuse,1.35,Police,6,0,0,1,0,4.1,0,0,0,0,0.2,0.552
2024,Spouse,40-49 years,Male,Physical Abuse,1.35,Social Service,5,0,0,1,0,3.3,0,0,0,0,0.2,0.503
2023,Spouse,30-39 years,Female,Physical Abuse,1.05,Hospital,2,0,0,1,0,4.4,0,0,0,1,0.0,0.328
2022,Spouse,30-39 years,Female,Physical Abuse,1.65,Hotline,4,0,1,1,0,3.7,0,0,0,0,0.2,0.628
2022,Spouse,30-39 years,Female,Physical Abuse,1.65,Social Service,2,0,1,1,0,3.6,0,0,0,1,0.2,0.528
2022,Spouse,40-49 years,Female,Emotional & Psychological Abuse,1.65,Hotline,3,1,1,0,0,2.5,0,0,0,1,0.6,0.617
2024,Spouse,40-49 years,Male,Physical Abuse,1.35,Hospital,2,1,1,1,0,4.1,0,0,0,0,0.6,0.602
2024,Spouse,40-49 years,Female,Emotional & Psychological Abuse,1.35,Hospital,3,1,0,0,0,2.6,0,0,0,0,0.4,0.442
2024,Spouse,40-49 years,Male,Physical Abuse,1.35,Hospital,4,0,0,1,0,4.5,0,0,0,0,0.0,0.452
2022,Spouse,18-29 years,Female,Physical Abuse,1.65,Police,4,0,1,1,0,4.2,0,0,0,0,0.2,0.628
2023,Spouse,30-39 years,Female,Physical Abuse,1.05,Police,6,0,1,1,0,4.2,0,0,0,0,0.4,0.678
2021,Spouse,18-29 years,Female,Physical Abuse,1.95,Police,4,0,1,1,0,4.4,0,0,0,1,0.2,0.652
2022,Spouse,30-39 years,Female,Physical Abuse,1.65,Police,2,1,1,1,0,4.5,0,1,0,1,0.6,0.628
2024,Spouse,30-39 years,Male,Physical Abuse,1.35,Police,5,1,1,1,0,4.5,1,1,0,0,0.8,0.753
2021,Spouse,50-64 years,Male,Physical Abuse,1.95,Police,2,1,1,1,0,4.4,0,0,0,0,0.6,0.652
2022,Elderly VA,65+ years,Male,Emotional & Psychological Abuse,0.6,Community,3,1,0,0,0,2.8,1,1,0,0,0.4,0.38
2022,Spouse,30-39 years,Female,Emotional & Psychological Abuse,1.65,Social Service,6,0,1,0,0,1.8,0,0,0,0,0.4,0.668
2021,Spouse,18-29 years,Female,Physical Abuse,1.95,Police,4,0,1,1,0,4.4,0,0,0,1,0.2,0.652
2022,Spouse,18-29 years,Female,Emotional & Psychological Abuse,1.65,Hospital,2,1,1,0,0,2.8,0,0,0,1,0.6,0.568
2021,Spouse,40-49 years,Male,Emotional & Psychological Abuse,1.95,Police,3,0,1,0,0,2.8,0,0,0,0,0.2,0.542
2024,Spouse,40-49 years,Female,Physical Abuse,1.35,Hospital,3,0,0,1,0,4.5,0,0,0,1,0.0,0.402
2022,Spouse,18-29 years,Female,Physical Abuse,1.65,Hotline,3,1,1,1,0,3.7,0,0,0,0,0.6,0.678
2023,Spouse,18-29 years,Female,Physical Abuse,1.05,Police,4,1,1,1,0,4.3,0,0,0,1,0.6,0.678
2024,Spouse,40-49 years,Male,Physical Abuse,1.35,Police,6,0,0,1,0,4.1,0,0,0,0,0.2,0.552
2022,Spouse,18-29 years,Female,Emotional & Psychological Abuse,1.65,Police,5,0,1,0,0,2.8,0,0,0,0,0.4,0.618
2021,Spouse,50-64 years,Female,Emotional & Psychological Abuse,1.95,Hospital,2,0,1,0,0,2.6,0,0,0,0,0.2,0.493
2024,Spouse,40-49 years,Female,Physical Abuse,1.35,Police,4,0,0,1,0,4.1,0,0,0,0,0.0,0.452
2024,Spouse,18-29 years,Female,Physical Abuse,1.35,Police,3,1,0,1,0,4.1,0,0,0,0,0.4,0.502
2021,Spouse,18-29 years,Female,Physical Abuse,1.95,Hospital,2,0,1,1,0,4.4,0,0,0,1,0.2,0.552
2024,Spouse,50-64 years,Female,Physical Abuse,1.35,Hotline,5,0,0,1,0,4.0,0,0,0,1,0.2,0.503
2023,Spouse,30-39 years,Male,Physical Abuse,1.05,Hotline,4,0,0,1,0,3.9,0,0,0,0,0.0,0.428
2021,Spouse,30-39 years,Female,Emotional & Psychological Abuse,1.95,Hotline,5,0,1,0,0,2.6,0,0,0,1,0.4,0.643
2021,Spouse,50-64 years,Male,Physical Abuse,1.95,Hospital,4,0,1,1,0,4.2,0,0,0,0,0.2,0.652
2024,Spouse,50-64 years,Female,Emotional & Psychological Abuse,1.35,Hospital,3,0,0,0,0,2.7,0,0,0,0,0.0,0.342
2021,Spouse,50-64 years,Female,Physical Abuse,1.95,Police,4,1,1,1,0,4.4,1,1,0,1,0.6,0.752
2023,Spouse,40-49 years,Female,Emotional & Psychological Abuse,1.05,Hotline,3,1,0,0,0,2.3,0,0,0,0,0.4,0.418
2024,Spouse,30-39 years,Female,Physical Abuse,1.35,Social Service,3,0,0,1,0,3.7,0,0,0,1,0.0,0.402
2021,Spouse,18-29 years,Female,Physical Abuse,1.95,Police,5,0,1,1,0,4.1,0,0,0,0,0.4,0.702
2024,Spouse,40-49 years,Male,Emotional & Psychological Abuse,1.35,Police,6,0,0,0,0,3.0,0,0,0,0,0.2,0.492
2021,Spouse,40-49 years,Male,Physical Abuse,1.95,Social Service,3,1,1,1,0,3.3,0,0,0,0,0.6,0.702
2021,Spouse,30-39 years,Female,Physical Abuse,1.95,Social Service,2,0,1,1,0,3.7,0,0,0,1,0.2,0.552
2023,Spouse,50-64 years,Female,Physical Abuse,1.05,Hotline,3,1,1,1,0,3.9,0,0,0,1,0.6,0.628
2023,Spouse,18-29 years,Male,Physical Abuse,1.05,Hospital,5,1,1,1,0,4.5,0,0,0,0,0.8,0.728
2024,Spouse,30-39 years,Female,Physical Abuse,1.35,Police,4,1,0,1,0,4.1,0,0,0,0,0.4,0.552
2021,Spouse,18-29 years,Female,Physical Abuse,1.95,Police,2,0,1,1,0,4.3,0,0,0,1,0.2,0.552
2023,Spouse,30-39 years,Female,Physical Abuse,1.05,Police,5,0,0,1,0,4.5,0,0,0,1,0.2,0.478
2023,Spouse,18-29 years,Female,Physical Abuse,1.05,Hotline,3,0,0,1,0,3.9,0,0,0,1,0.0,0.378
2024,Spouse,18-29 years,Female,Physical Abuse,1.35,Police,6,0,0,1,0,4.4,0,0,0,1,0.2,0.552
2022,Spouse,18-29 years,Female,Emotional & Psychological Abuse,1.65,Hospital,2,0,1,0,0,2.9,0,0,0,1,0.2,0.468
2022,Spouse,40-49 years,Female,Physical Abuse,1.65,Hotline,6,0,1,1,0,3.9,0,0,0,0,0.4,0.728
2024,Elderly VA,65+ years,Female,Self-Neglect,0.1,Community,5,0,0,0,1,3.4,1,1,0,1,0.2,0.333
2021,Spouse,40-49 years,Female,Physical Abuse,1.95,Hotline,6,0,1,1,0,3.9,0,0,0,1,0.4,0.753
2023,Spouse,40-49 years,Female,Physical Abuse,1.05,Hotline,4,1,0,1,0,4.1,0,0,0,1,0.4,0.528
2024,Elderly VA,65+ years,Male,Emotional & Psychological Abuse,0.4,Hospital,6,0,1,0,0,3.4,1,0,0,0,0.4,0.563
2024,Spouse,50-64 years,Female,Physical Abuse,1.35,Social Service,6,0,0,1,0,3.4,0,0,0,0,0.2,0.552
2021,Spouse,30-39 years,Male,Emotional & Psychological Abuse,1.95,Police,6,0,1,0,0,3.0,0,0,0,0,0.4,0.692
2023,Spouse,30-39 years,Male,Emotional & Psychological Abuse,1.05,Police,2,1,0,0,0,3.0,0,0,0,0,0.4,0.368
2022,Spouse,50-64 years,Female,Emotional & Psychological Abuse,1.65,Police,4,0,1,0,0,2.8,0,0,0,0,0.2,0.568
2023,Spouse,30-39 years,Female,Emotional & Psychological Abuse,1.05,Police,2,1,0,0,0,2.8,0,0,0,1,0.4,0.368
2021,Spouse,50-64 years,Female,Emotional & Psychological Abuse,1.95,Police,5,1,1,0,0,2.7,0,0,0,0,0.8,0.742
2021,Spouse,18-29 years,Female,Emotional & Psychological Abuse,1.95,Social Service,4,0,1,0,0,1.9,0,0,0,0,0.2,0.592
2024,Spouse,50-64 years,Female,Physical Abuse,1.35,Hotline,3,0,0,1,0,3.9,0,0,0,0,0.0,0.402
2024,Spouse,18-29 years,Female,Physical Abuse,1.35,Police,6,0,0,1,0,4.2,0,0,0,0,0.2,0.552
2024,Spouse,50-64 years,Female,Physical Abuse,1.35,Hospital,5,0,0,1,0,4.3,0,0,0,1,0.2,0.503
2023,Spouse,30-39 years,Female,Physical Abuse,1.05,Police,3,0,0,1,0,4.1,0,0,0,0,0.0,0.378
2021,Spouse,50-64 years,Female,Emotional & Psychological Abuse,1.95,Hospital,3,0,1,0,0,3.0,0,0,0,1,0.2,0.542
2024,Spouse,18-29 years,Female,Physical Abuse,1.35,Hospital,2,1,1,1,0,4.5,0,1,0,1,0.6,0.602
2023,Spouse,40-49 years,Female,Physical Abuse,1.05,Police,3,0,0,1,0,4.4,0,0,0,1,0.0,0.378
2022,Spouse,50-64 years,Female,Physical Abuse,1.65,Police,6,1,1,1,0,4.3,0,0,0,1,0.8,0.828
2023,Spouse,30-39 years,Female,Physical Abuse,1.05,Police,5,0,1,1,0,4.2,0,0,0,0,0.4,0.628
2023,Spouse,40-49 years,Male,Emotional & Psychological Abuse,1.05,Police,3,0,0,0,0,2.9,0,0,0,0,0.0,0.318
2022,Spouse,40-49 years,Female,Physical Abuse,1.65,Police,4,0,1,1,0,4.4,0,0,0,1,0.2,0.628
2024,Spouse,30-39 years,Female,Physical Abuse,1.35,Social Service,4,0,0,1,0,3.4,0,0,0,0,0.0,0.452
2024,Spouse,40-49 years,Female,Emotional & Psychological Abuse,1.35,Social Service,2,0,0,0,0,2.2,0,0,0,1,0.0,0.292
2022,Spouse,40-49 years,Female,Physical Abuse,1.65,Social Service,6,0,1,1,0,3.6,0,0,0,1,0.4,0.728
2023,Spouse,50-64 years,Female,Emotional & Psychological Abuse,1.05,Police,6,0,0,0,0,3.0,0,0,0,1,0.2,0.468
2021,Spouse,18-29 years,Male,Physical Abuse,1.95,Police,6,1,1,1,0,4.4,0,0,0,0,0.8,0.852
2023,Spouse,30-39 years,Female,Physical Abuse,1.05,Police,5,0,0,1,0,4.3,0,0,0,1,0.2,0.478
2021,Spouse,50-64 years,Female,Physical Abuse,1.95,Hospital,4,0,1,1,0,4.3,0,0,0,0,0.2,0.652
2022,Spouse,50-64 years,Female,Physical Abuse,1.65,Hospital,4,1,1,1,0,4.5,0,0,0,1,0.6,0.727
2021,Spouse,30-39 years,Female,Physical Abuse,1.95,Police,6,1,1,1,0,4.4,1,1,0,1,0.8,0.852
2021,Spouse,40-49 years,Female,Physical Abuse,1.95,Hotline,4,1,1,1,0,3.7,0,0,0,0,0.6,0.752
2021,Spouse,30-39 years,Female,Emotional & Psychological Abuse,1.95,Hotline,4,0,1,0,0,2.2,0,0,0,0,0.2,0.592
2022,Spouse,18-29 years,Female,Physical Abuse,1.65,Social Service,4,0,1,1,0,3.5,0,0,0,0,0.2,0.628
2024,Spouse,30-39 years,Female,Physical Abuse,1.35,Hotline,6,1,0,1,0,4.0,0,0,0,1,0.6,0.652
2024,Spouse,30-39 years,Female,Physical Abuse,1.35,Hotline,5,0,0,1,0,4.1,0,0,0,1,0.2,0.503
2024,Spouse,40-49 years,Male,Physical Abuse,1.35,Police,5,0,0,1,0,4.2,0,0,0,0,0.2,0.503
2023,Spouse,18-29 years,Female,Physical Abuse,1.05,Police,5,0,0,1,0,4.3,0,0,0,1,0.2,0.478
2021,Spouse,50-64 years,Female,Physical Abuse,1.95,Hotline,3,0,1,1,0,3.9,0,0,0,0,0.2,0.602
2021,Spouse,50-64 years,Female,Emotional & Psychological Abuse,1.95,Police,5,0,1,0,0,3.0,0,0,0,1,0.4,0.643
2024,Spouse,40-49 years,Female,Physical Abuse,1.35,Police,6,1,0,1,0,4.4,0,0,0,1,0.6,0.652
2021,Spouse,30-39 years,Female,Emotional & Psychological Abuse,1.95,Police,6,0,1,0,0,2.9,0,0,0,1,0.4,0.692
2023,Spouse,30-39 years,Female,Emotional & Psychological Abuse,1.05,Hospital,2,0,0,0,0,2.8,0,0,0,0,0.0,0.268
2021,Spouse,50-64 years,Female,Physical Abuse,1.95,Police,4,0,1,1,0,4.3,0,0,0,0,0.2,0.652
2022,Spouse,40-49 years,Female,Physical Abuse,1.65,Police,4,1,1,1,0,4.2,0,0,0,0,0.6,0.727
2021,Spouse,18-29 years,Female,Physical Abuse,1.95,Hotline,3,1,1,1,0,3.7,0,0,0,0,0.6,0.702
2024,Spouse,50-64 years,Male,Physical Abuse,1.35,Hotline,4,0,0,1,0,4.0,0,0,0,0,0.0,0.452
2021,Spouse,50-64 years,Female,Physical Abuse,1.95,Hotline,3,1,1,1,0,4.0,0,0,0,1,0.6,0.702
2022,Spouse,50-64 years,Female,Physical Abuse,1.65,Hotline,6,0,1,1,0,4.1,0,0,0,1,0.4,0.728
2022,Spouse,40-49 years,Female,Physical Abuse,1.65,Hotline,3,1,1,1,0,4.1,0,0,0,1,0.6,0.678
2021,Elderly VA,65+ years,Female,Physical Abuse,1.1,Social Service,5,1,0,1,0,4.3,1,1,0,1,0.6,0.582
2022,Spouse,40-49 years,Female,Physical Abuse,1.65,Hospital,4,0,1,1,0,4.4,0,0,0,1,0.2,0.628
2021,Spouse,30-39 years,Female,Emotional & Psychological Abuse,1.95,Hospital,3,0,1,0,0,3.0,0,0,0,1,0.2,0.542
2023,Spouse,50-64 years,Male,Physical Abuse,1.05,Hotline,2,0,1,1,0,4.0,0,0,0,0,0.2,0.478
2023,Spouse,50-64 years,Female,Emotional & Psychological Abuse,1.05,Police,6,0,0,0,0,2.7,0,0,0,0,0.2,0.468
2021,Spouse,18-29 years,Female,Emotional & Psychological Abuse,1.95,Hotline,5,0,1,0,0,2.4,0,0,0,0,0.4,0.643
2023,Spouse,18-29 years,Female,Emotional & Psychological Abuse,1.05,Police,6,1,0,0,0,2.7,0,0,0,0,0.6,0.568
2024,Spouse,30-39 years,Female,Physical Abuse,1.35,Police,2,1,0,1,0,4.5,1,0,0,1,0.4,0.452
2024,Spouse,50-64 years,Female,Physical Abuse,1.35,Hotline,6,1,0,1,0,3.9,0,0,0,1,0.6,0.652
2023,Spouse,50-64 years,Male,Physical Abuse,1.05,Police,2,0,0,1,0,4.2,0,0,0,0,0.0,0.328
2021,Spouse,18-29 years,Female,Emotional & Psychological Abuse,1.95,Hospital,6,0,1,0,0,2.9,0,0,0,1,0.4,0.692
2023,Spouse,40-49 years,Female,Physical Abuse,1.05,Hospital,4,1,1,1,0,4.3,0,0,0,1,0.6,0.678
2022,Spouse,30-39 years,Male,Physical Abuse,1.65,Hotline,5,0,1,1,0,3.8,0,0,0,0,0.4,0.678
2022,Spouse,50-64 years,Female,Physical Abuse,1.65,Hotline,5,1,1,1,0,3.7,0,0,0,0,0.8,0.778
2023,Spouse,50-64 years,Female,Physical Abuse,1.05,Police,6,0,1,1,0,4.4,0,0,0,1,0.4,0.678
2024,Spouse,50-64 years,Male,Physical Abuse,1.35,Hospital,3,0,0,1,0,4.3,0,0,0,0,0.0,0.402
2023,Spouse,30-39 years,Male,Physical Abuse,1.05,Police,6,0,0,1,0,4.4,0,0,0,0,0.2,0.528
2023,Spouse,30-39 years,Female,Emotional & Psychological Abuse,1.05,Police,4,0,0,0,0,2.8,0,0,0,1,0.0,0.368
2023,Spouse,30-39 years,Female,Emotional & Psychological Abuse,1.05,Hotline,4,0,0,0,0,2.5,0,0,0,1,0.0,0.368
2021,Spouse,18-29 years,Male,Emotional & Psychological Abuse,1.95,Hospital,2,0,1,0,0,2.8,0,0,0,0,0.2,0.493
2023,Spouse,50-64 years,Male,Physical Abuse,1.05,Hotline,3,1,0,1,0,3.9,0,0,0,0,0.4,0.478
2024,Spouse,50-64 years,Male,Emotional & Psychological Abuse,1.35,Social Service,3,1,0,0,0,2.2,0,0,0,0,0.4,0.442
2021,Spouse,50-64 years,Male,Physical Abuse,1.95,Hotline,2,0,1,1,0,3.9,0,0,0,0,0.2,0.552
2024,Spouse,50-64 years,Male,Emotional & Psychological Abuse,1.35,Police,3,1,0,0,0,2.7,0,0,0,0,0.4,0.442
2024,Spouse,40-49 years,Female,Physical Abuse,1.35,Police,2,0,1,1,0,4.1,0,0,0,0,0.2,0.502
2024,Spouse,40-49 years,Female,Physical Abuse,1.35,Police,2,0,0,1,0,4.4,0,0,0,1,0.0,0.352
2022,Spouse,50-64 years,Female,Physical Abuse,1.65,Police,2,1,1,1,0,4.3,0,0,0,1,0.6,0.628
2022,Spouse,50-64 years,Female,Physical Abuse,1.65,Police,4,0,1,1,0,4.4,0,0,0,1,0.2,0.628
2023,Spouse,30-39 years,Female,Physical Abuse,1.05,Police,2,1,0,1,0,4.2,0,0,0,0,0.4,0.428
2021,Spouse,30-39 years,Male,Physical Abuse,1.95,Hospital,4,0,1,1,0,4.2,0,0,0,0,0.2,0.652
2023,Spouse,18-29 years,Male,Physical Abuse,1.05,Police,5,0,1,1,0,4.1,0,0,0,0,0.4,0.628
2024,Spouse,50-64 years,Female,Emotional & Psychological Abuse,1.35,Hospital,2,1,0,0,0,2.7,0,0,0,0,0.4,0.392
2021,Spouse,40-49 years,Male,Physical Abuse,1.95,Hospital,3,0,1,1,0,4.3,0,0,0,0,0.2,0.602
2023,Spouse,30-39 years,Female,Physical Abuse,1.05,Social Service,2,0,1,1,0,3.5,0,0,0,0,0.2,0.478
2023,Spouse,40-49 years,Female,Physical Abuse,1.05,Police,6,0,0,1,0,4.3,0,0,0,0,0.2,0.528
2023,Spouse,40-49 years,Female,Physical Abuse,1.05,Police,2,0,0,1,0,4.5,0,0,0,1,0.0,0.328
2024,Spouse,30-39 years,Female,Physical Abuse,1.35,Police,4,1,1,1,0,4.2,0,0,0,0,0.6,0.702
2023,Spouse,18-29 years,Female,Physical Abuse,1.05,Police,2,1,0,1,0,4.3,0,0,0,1,0.4,0.428
2024,Spouse,40-49 years,Female,Physical Abuse,1.35,Hospital,4,0,0,1,0,4.4,0,0,0,1,0.0,0.452
2024,Spouse,30-39 years,Female,Physical Abuse,1.35,Police,2,1,0,1,0,4.3,0,0,0,0,0.4,0.452
2024,Spouse,40-49 years,Male,Physical Abuse,1.35,Hotline,2,0,0,1,0,3.9,0,0,0,0,0.0,0.352
2022,Elderly VA,65+ years,Male,Self-Neglect,0.4,Social Service,2,0,0,0,1,3.4,1,1,0,0,0.0,0.2
2024,Spouse,30-39 years,Female,Physical Abuse,1.35,Hotline,4,0,1,1,0,4.1,0,1,0,1,0.2,0.602
2021,Spouse,50-64 years,Female,Physical Abuse,1.95,Hotline,3,0,1,1,0,3.8,0,0,0,0,0.2,0.602
2024,Spouse,40-49 years,Male,Emotional & Psychological Abuse,1.35,Hotline,5,0,1,0,0,2.6,0,0,0,0,0.4,0.592
2021,Spouse,40-49 years,Female,Physical Abuse,1.95,Police,2,0,1,1,0,4.3,0,0,0,0,0.2,0.552
2022,Spouse,50-64 years,Female,Emotional & Psychological Abuse,1.65,Hospital,5,0,1,0,0,2.7,0,0,0,0,0.4,0.618
2022,Spouse,30-39 years,Male,Physical Abuse,1.65,Hotline,4,1,1,1,0,3.9,0,0,0,0,0.6,0.727
2024,Spouse,18-29 years,Male,Physical Abuse,1.35,Police,3,1,1,1,0,4.5,1,1,0,0,0.6,0.652
2021,Spouse,18-29 years,Female,Emotional & Psychological Abuse,1.95,Hospital,2,0,1,0,0,2.8,0,0,0,0,0.2,0.493
2021,Spouse,40-49 years,Female,Physical Abuse,1.95,Police,4,1,1,1,0,4.2,0,0,0,0,0.6,0.752
2024,Spouse,40-49 years,Female,Physical Abuse,1.35,Police,2,0,0,1,0,4.4,0,0,0,1,0.0,0.352
2023,Spouse,40-49 years,Male,Physical Abuse,1.05,Police,6,0,0,1,0,4.2,0,0,0,0,0.2,0.528
2022,Spouse,30-39 years,Female,Physical Abuse,1.65,Police,6,1,1,1,0,4.1,0,0,0,0,0.8,0.828
2024,Spouse,18-29 years,Female,Physical Abuse,1.35,Hospital,4,1,0,1,0,4.2,0,0,0,0,0.4,0.552
2021,Spouse,18-29 years,Female,Physical Abuse,1.95,Police,4,0,1,1,0,4.2,0,0,0,0,0.2,0.652
2021,Spouse,30-39 years,Female,Physical Abuse,1.95,Hospital,5,1,1,1,0,4.2,0,0,0,0,0.8,0.802
2022,Spouse,40-49 years,Female,Physical Abuse,1.65,Hotline,4,0,1,1,0,3.8,0,0,0,0,0.2,0.628
2022,Spouse,30-39 years,Female,Physical Abuse,1.65,Police,3,0,1,1,0,4.4,0,0,0,1,0.2,0.578
2022,Spouse,30-39 years,Female,Physical Abuse,1.65,Social Service,5,0,1,1,0,3.4,0,0,0,0,0.4,0.678
2021,Spouse,50-64 years,Male,Emotional & Psychological Abuse,1.95,Police,4,0,1,0,0,2.7,0,0,0,0,0.2,0.592
2021,Non-Elderly VA,40-49 years,Female,Physical Abuse,1.3,Community,4,0,1,1,0,3.7,1,1,0,1,0.2,0.598
2022,Spouse,30-39 years,Female,Physical Abuse,1.65,Police,3,0,1,1,0,4.3,0,0,0,0,0.2,0.578
2022,Spouse,30-39 years,Female,Physical Abuse,1.65,Hospital,4,0,1,1,0,4.4,0,0,0,1,0.2,0.628
2023,Spouse,40-49 years,Female,Physical Abuse,1.05,Hospital,6,0,0,1,0,4.2,0,0,0,0,0.2,0.528
2024,Spouse,30-39 years,Female,Physical Abuse,1.35,Police,5,0,0,1,0,4.2,0,0,0,0,0.2,0.503
2021,Spouse,40-49 years,Female,Emotional & Psychological Abuse,1.95,Hospital,4,0,1,0,0,2.6,0,0,0,0,0.2,0.592
2021,Spouse,50-64 years,Female,Physical Abuse,1.95,Hotline,2,0,1,1,0,3.8,0,0,0,0,0.2,0.552
2023,Spouse,50-64 years,Female,Physical Abuse,1.05,Hotline,3,0,0,1,0,3.8,0,0,0,0,0.0,0.378
2024,Spouse,18-29 years,Male,Physical Abuse,1.35,Hotline,2,0,0,1,0,3.8,0,0,0,0,0.0,0.352
2024,Spouse,50-64 years,Female,Physical Abuse,1.35,Police,6,1,0,1,0,4.1,0,0,0,0,0.6,0.652
2023,Spouse,30-39 years,Male,Physical Abuse,1.05,Hotline,4,0,1,1,0,3.7,0,0,0,0,0.2,0.578
2024,Spouse,30-39 years,Female,Physical Abuse,1.35,Hospital,4,0,1,1,0,4.3,0,0,0,0,0.2,0.602
2024,Spouse,30-39 years,Female,Physical Abuse,1.35,Police,6,0,0,1,0,4.2,0,0,0,0,0.2,0.552
2021,Spouse,50-64 years,Female,Physical Abuse,1.95,Police,3,0,1,1,0,4.2,0,0,0,0,0.2,0.602
2022,Non-Elderly VA,50-64 years,Female,Physical Abuse,1.1,Hospital,2,1,0,1,0,4.3,1,1,0,1,0.4,0.432
2022,Spouse,30-39 years,Female,Physical Abuse,1.65,Hotline,2,1,1,1,0,4.0,0,0,0,1,0.6,0.628
2024,Spouse,30-39 years,Female,Physical Abuse,1.35,Police,3,0,1,1,0,4.1,0,0,0,0,0.2,0.552
2022,Spouse,40-49 years,Female,Physical Abuse,1.65,Police,3,0,1,1,0,4.4,0,0,0,1,0.2,0.578
2022,Spouse,30-39 years,Female,Emotional & Psychological Abuse,1.65,Police,6,0,1,0,0,2.9,0,0,0,1,0.4,0.668
2021,Spouse,18-29 years,Female,Physical Abuse,1.95,Social Service,3,0,1,1,0,3.3,0,0,0,0,0.2,0.602
2022,Spouse,18-29 years,Female,Emotional & Psychological Abuse,1.65,Hospital,5,0,1,0,0,2.9,0,0,0,1,0.4,0.618
2024,Spouse,18-29 years,Female,Physical Abuse,1.35,Hospital,2,0,0,1,0,4.5,0,1,0,1,0.0,0.352
2022,Spouse,18-29 years,Female,Emotional & Psychological Abuse,1.65,Police,2,0,1,0,0,2.6,0,0,0,0,0.2,0.468
2024,Spouse,18-29 years,Female,Physical Abuse,1.35,Police,4,0,0,1,0,4.2,0,0,0,0,0.0,0.452
2024,Spouse,40-49 years,Female,Emotional & Psychological Abuse,1.35,Hotline,4,1,0,0,0,2.5,0,0,0,1,0.4,0.493
2022,Spouse,18-29 years,Female,Physical Abuse,1.65,Police,2,0,1,1,0,4.4,0,0,0,1,0.2,0.528
2021,Spouse,30-39 years,Male,Physical Abuse,1.95,Police,4,0,1,1,0,4.2,0,0,0,0,0.2,0.652
2021,Spouse,50-64 years,Female,Physical Abuse,1.95,Hotline,3,1,1,1,0,3.8,0,0,0,0,0.6,0.702
2023,Spouse,30-39 years,Female,Physical Abuse,1.05,Hospital,4,1,0,1,0,4.2,0,0,0,0,0.4,0.528
2023,Spouse,40-49 years,Female,Emotional & Psychological Abuse,1.05,Hotline,6,1,0,0,0,2.4,0,0,0,0,0.6,0.568
2023,Spouse,18-29 years,Female,Physical Abuse,1.05,Police,5,0,0,1,0,4.3,0,0,0,1,0.2,0.478
2022,Spouse,18-29 years,Female,Emotional & Psychological Abuse,1.65,Hotline,4,0,1,0,0,2.3,0,0,0,0,0.2,0.568
2021,Spouse,18-29 years,Male,Physical Abuse,1.95,Social Service,2,0,1,1,0,3.5,0,0,0,0,0.2,0.552
2022,Spouse,18-29 years,Female,Physical Abuse,1.65,Police,5,0,1,1,0,4.4,0,0,0,1,0.4,0.678
2023,Spouse,30-39 years,Female,Emotional & Psychological Abuse,1.05,Hospital,4,0,0,0,0,2.6,0,0,0,0,0.0,0.368
2021,Spouse,18-29 years,Female,Physical Abuse,1.95,Police,4,0,1,1,0,4.2,0,0,0,0,0.2,0.652
2021,Spouse,18-29 years,Male,Emotional & Psychological Abuse,1.95,Hospital,6,0,1,0,0,2.9,0,0,0,0,0.4,0.692
2021,Spouse,18-29 years,Female,Emotional & Psychological Abuse,1.95,Police,2,0,1,0,0,3.0,0,0,0,1,0.2,0.493
2024,Spouse,30-39 years,Female,Physical Abuse,1.35,Social Service,2,0,0,1,0,3.5,0,0,0,1,0.0,0.352
2023,Spouse,30-39 years,Female,Physical Abuse,1.05,Hotline,5,0,1,1,0,3.9,0,0,0,1,0.4,0.628
2021,Spouse,30-39 years,Female,Physical Abuse,1.95,Police,4,0,1,1,0,4.1,0,0,0,0,0.2,0.652
2024,Spouse,30-39 years,Female,Emotional & Psychological Abuse,1.35,Hotline,3,0,1,0,0,2.4,0,0,0,0,0.2,0.492
2022,Spouse,40-49 years,Female,Emotional & Psychological Abuse,1.65,Police,6,0,1,0,0,2.8,0,0,0,1,0.4,0.668
2022,Spouse,18-29 years,Female,Emotional & Psychological Abuse,1.65,Hospital,5,0,1,0,0,2.7,0,0,0,0,0.4,0.618
2021,Spouse,40-49 years,Female,Physical Abuse,1.95,Police,3,1,1,1,0,4.2,0,0,0,0,0.6,0.702
2022,Spouse,40-49 years,Male,Emotional & Psychological Abuse,1.65,Social Service,3,0,1,0,0,2.0,0,0,0,0,0.2,0.518
2022,Spouse,18-29 years,Female,Physical Abuse,1.65,Police,6,0,1,1,0,4.1,0,0,0,0,0.4,0.728
2023,Spouse,50-64 years,Male,Physical Abuse,1.05,Police,4,0,1,1,0,4.2,0,0,0,0,0.2,0.578
2023,Spouse,50-64 years,Female,Physical Abuse,1.05,Social Service,5,0,0,1,0,3.4,0,0,0,0,0.2,0.478
2023,Spouse,18-29 years,Female,Physical Abuse,1.05,Police,3,0,0,1,0,4.2,0,0,0,0,0.0,0.378
2021,Spouse,30-39 years,Female,Emotional & Psychological Abuse,1.95,Police,2,0,1,0,0,2.6,0,0,0,0,0.2,0.493
2022,Spouse,50-64 years,Female,Physical Abuse,1.65,Police,6,0,1,1,0,4.5,0,0,0,1,0.4,0.728
2021,Spouse,40-49 years,Female,Physical Abuse,1.95,Hospital,2,1,1,1,0,4.3,0,0,0,1,0.6,0.652
2022,Spouse,18-29 years,Male,Physical Abuse,1.65,Hotline,6,1,1,1,0,4.0,0,0,0,0,0.8,0.828
2023,Spouse,30-39 years,Female,Physical Abuse,1.05,Hotline,5,0,0,1,0,4.0,0,0,0,1,0.2,0.478
2022,Spouse,30-39 years,Female,Emotional & Psychological Abuse,1.65,Police,2,1,1,0,0,2.8,0,0,0,1,0.6,0.568
2024,Spouse,30-39 years,Female,Physical Abuse,1.35,Police,3,0,1,1,0,4.1,0,0,0,0,0.2,0.552
2024,Spouse,40-49 years,Female,Physical Abuse,1.35,Hospital,2,0,0,1,0,4.3,0,0,0,1,0.0,0.352
2024,Spouse,30-39 years,Female,Physical Abuse,1.35,Police,6,0,0,1,0,4.3,0,0,0,1,0.2,0.552
2024,Spouse,30-39 years,Female,Physical Abuse,1.35,Hospital,3,0,0,1,0,4.4,0,0,0,1,0.0,0.402
2021,Spouse,40-49 years,Female,Physical Abuse,1.95,Police,3,0,1,1,0,4.3,0,0,0,0,0.2,0.602
2024,Spouse,18-29 years,Female,Physical Abuse,1.35,Police,4,0,0,1,0,4.2,0,0,0,0,0.0,0.452
2022,Spouse,30-39 years,Female,Emotional & Psychological Abuse,1.65,Police,5,1,1,0,0,2.7,0,0,0,0,0.8,0.718
2021,Spouse,40-49 years,Female,Physical Abuse,1.95,Police,2,0,1,1,0,4.2,0,0,0,0,0.2,0.552
2022,Spouse,50-64 years,Female,Physical Abuse,1.65,Police,4,1,1,1,0,4.4,0,0,0,1,0.6,0.727
2021,Spouse,30-39 years,Female,Emotional & Psychological Abuse,1.95,Police,4,0,1,0,0,2.8,0,0,0,1,0.2,0.592
2024,Spouse,30-39 years,Male,Emotional & Psychological Abuse,1.35,Police,3,0,0,0,0,2.7,0,0,0,0,0.0,0.342
2023,Spouse,18-29 years,Female,Physical Abuse,1.05,Police,2,1,1,1,0,4.5,0,1,0,1,0.6,0.578
2022,Spouse,30-39 years,Female,Emotional & Psychological Abuse,1.65,Hospital,2,1,1,0,0,2.8,0,0,0,1,0.6,0.568
2024,Spouse,30-39 years,Female,Physical Abuse,1.35,Police,5,0,1,1,0,4.2,0,0,0,0,0.4,0.653
2023,Spouse,30-39 years,Female,Emotional & Psychological Abuse,1.05,Hospital,6,0,0,0,0,2.6,0,0,0,0,0.2,0.468
2021,Spouse,30-39 years,Female,Physical Abuse,1.95,Hospital,6,1,1,1,0,4.2,0,0,0,0,0.8,0.852
2021,Spouse,30-39 years,Female,Physical Abuse,1.95,Social Service,4,0,1,1,0,3.4,0,0,0,0,0.2,0.652
2023,Spouse,18-29 years,Male,Physical Abuse,1.05,Police,3,0,1,1,0,4.2,0,0,0,0,0.2,0.528
2022,Spouse,30-39 years,Male,Physical Abuse,1.65,Hospital,4,0,1,1,0,4.2,0,0,0,0,0.2,0.628
2024,Spouse,30-39 years,Male,Physical Abuse,1.35,Hospital,3,0,0,1,0,4.2,0,0,0,0,0.0,0.402
2023,Spouse,30-39 years,Female,Physical Abuse,1.05,Hotline,2,0,0,1,0,3.8,0,0,0,0,0.0,0.328
2024,Spouse,18-29 years,Female,Emotional & Psychological Abuse,1.35,Hospital,3,0,0,0,0,3.0,0,0,0,1,0.0,0.342
2023,Spouse,50-64 years,Female,Physical Abuse,1.05,Hotline,4,0,0,1,0,3.7,0,0,0,0,0.0,0.428
2022,Spouse,40-49 years,Female,Physical Abuse,1.65,Hospital,5,0,1,1,0,4.3,0,0,0,1,0.4,0.678
2022,Spouse,40-49 years,Female,Physical Abuse,1.65,Police,4,0,1,1,0,4.3,0,0,0,0,0.2,0.628
2022,Spouse,40-49 years,Female,Physical Abuse,1.65,Hospital,4,1,1,1,0,4.5,1,1,0,1,0.6,0.727
2021,Spouse,30-39 years,Female,Physical Abuse,1.95,Police,2,0,1,1,0,4.1,0,0,0,0,0.2,0.552
2022,Spouse,18-29 years,Female,Emotional & Psychological Abuse,1.65,Social Service,6,1,1,0,0,2.0,0,0,0,0,0.8,0.768
2022,Spouse,30-39 years,Female,Physical Abuse,1.65,Hotline,5,1,1,1,0,4.1,1,1,0,1,0.8,0.778
2022,Spouse,40-49 years,Female,Physical Abuse,1.65,Hotline,3,0,1,1,0,4.0,0,0,0,1,0.2,0.578
2023,Spouse,40-49 years,Female,Physical Abuse,1.05,Police,4,0,0,1,0,4.4,0,0,0,1,0.0,0.428
2024,Spouse,30-39 years,Male,Emotional & Psychological Abuse,1.35,Hotline,4,0,1,0,0,2.3,0,0,0,0,0.2,0.542
2023,Spouse,18-29 years,Male,Physical Abuse,1.05,Hospital,3,0,0,1,0,4.2,0,0,0,0,0.0,0.378
2024,Spouse,30-39 years,Male,Emotional & Psychological Abuse,1.35,Police,5,0,0,0,0,2.9,0,0,0,0,0.2,0.442
2021,Spouse,30-39 years,Female,Physical Abuse,1.95,Police,5,0,1,1,0,4.5,0,0,0,1,0.4,0.702
2024,Spouse,40-49 years,Female,Physical Abuse,1.35,Hospital,6,0,0,1,0,4.3,0,0,0,1,0.2,0.552
2021,Non-Elderly VA,50-64 years,Male,Physical Abuse,1.3,Hospital,3,0,1,1,0,4.3,1,1,0,0,0.2,0.548
2023,Spouse,40-49 years,Female,Physical Abuse,1.05,Police,3,0,0,1,0,4.2,0,0,0,0,0.0,0.378
2023,Spouse,30-39 years,Female,Physical Abuse,1.05,Hospital,6,1,0,1,0,4.4,0,0,0,1,0.6,0.628
2021,Spouse,50-64 years,Female,Physical Abuse,1.95,Police,4,0,1,1,0,4.2,0,0,0,0,0.2,0.652
2021,Non-Elderly VA,18-29 years,Male,Physical Abuse,1.3,Community,2,0,0,1,0,3.4,1,0,0,0,0.0,0.348
2023,Spouse,40-49 years,Female,Emotional & Psychological Abuse,1.05,Police,3,1,0,0,0,2.8,0,0,0,0,0.4,0.418
2021,Spouse,30-39 years,Female,Emotional & Psychological Abuse,1.95,Police,6,0,1,0,0,2.8,0,0,0,1,0.4,0.692
2023,Spouse,18-29 years,Female,Physical Abuse,1.05,Hotline,3,1,0,1,0,3.8,0,0,0,0,0.4,0.478
2022,Spouse,18-29 years,Female,Emotional & Psychological Abuse,1.65,Hotline,5,0,1,0,0,2.2,0,0,0,0,0.4,0.618
2021,Spouse,30-39 years,Female,Physical Abuse,1.95,Hotline,6,0,1,1,0,3.9,0,0,0,1,0.4,0.753
2023,Spouse,18-29 years,Female,Physical Abuse,1.05,Police,4,0,0,1,0,4.2,0,0,0,0,0.0,0.428
2022,Spouse,18-29 years,Female,Physical Abuse,1.65,Hotline,4,1,1,1,0,3.9,0,0,0,1,0.6,0.727
2023,Spouse,30-39 years,Male,Physical Abuse,1.05,Social Service,6,0,0,1,0,3.4,0,0,0,0,0.2,0.528
2024,Spouse,18-29 years,Female,Physical Abuse,1.35,Social Service,5,0,0,1,0,3.5,0,0,0,0,0.2,0.503
2021,Spouse,50-64 years,Female,Physical Abuse,1.95,Police,5,0,1,1,0,4.3,0,0,0,1,0.4,0.702
2024,Spouse,18-29 years,Male,Physical Abuse,1.35,Police,4,0,1,1,0,4.1,0,0,0,0,0.2,0.602
2022,Spouse,30-39 years,Female,Physical Abuse,1.65,Police,3,0,1,1,0,4.2,0,0,0,0,0.2,0.578
2022,Spouse,30-39 years,Female,Emotional & Psychological Abuse,1.65,Police,6,0,1,0,0,2.7,0,0,0,0,0.4,0.668
2024,Spouse,50-64 years,Male,Physical Abuse,1.35,Hotline,6,0,0,1,0,3.7,0,0,0,0,0.2,0.552
2023,Spouse,18-29 years,Female,Physical Abuse,1.05,Police,5,0,0,1,0,4.5,1,1,0,1,0.2,0.478
2023,Spouse,30-39 years,Female,Physical Abuse,1.05,Hotline,6,0,1,1,0,3.8,0,0,0,0,0.4,0.678
2023,Spouse,50-64 years,Female,Physical Abuse,1.05,Police,6,0,0,1,0,4.4,0,0,0,1,0.2,0.528
2021,Spouse,50-64 years,Male,Emotional & Psychological Abuse,1.95,Police,5,0,1,0,0,2.7,0,0,0,0,0.4,0.643
2021,Elderly VA,65+ years,Male,Self-Neglect,0.4,Hospital,3,0,1,0,1,4.2,1,1,0,0,0.2,0.442
2022,Spouse,50-64 years,Female,Physical Abuse,1.65,Police,2,0,1,1,0,4.4,0,0,0,1,0.2,0.528
2021,Non-Elderly VA,18-29 years,Male,Physical Abuse,1.3,Social Service,4,1,0,1,0,3.5,1,1,0,0,0.4,0.548
2023,Spouse,30-39 years,Female,Physical Abuse,1.05,Police,6,1,0,1,0,4.3,0,0,0,0,0.6,0.628
2024,Spouse,18-29 years,Male,Emotional & Psychological Abuse,1.35,Hospital,5,1,0,0,0,2.8,0,0,0,0,0.6,0.542
2024,Spouse,40-49 years,Male,Physical Abuse,1.35,Police,6,0,1,1,0,4.2,0,0,0,0,0.4,0.702
2024,Spouse,50-64 years,Female,Emotional & Psychological Abuse,1.35,Hospital,6,1,0,0,0,3.0,0,0,0,1,0.6,0.592
2023,Spouse,40-49 years,Female,Physical Abuse,1.05,Police,6,0,0,1,0,4.4,0,0,0,1,0.2,0.528
2024,Spouse,40-49 years,Female,Physical Abuse,1.35,Social Service,6,1,1,1,0,3.7,1,1,0,1,0.8,0.802
2023,Spouse,30-39 years,Male,Physical Abuse,1.05,Police,6,0,0,1,0,4.1,0,0,0,0,0.2,0.528
2024,Spouse,40-49 years,Female,Emotional & Psychological Abuse,1.35,Hospital,2,0,0,0,0,2.9,0,0,0,1,0.0,0.292
2024,Spouse,18-29 years,Female,Emotional & Psychological Abuse,1.35,Police,2,0,0,0,0,3.0,0,0,0,1,0.0,0.292
2023,Spouse,30-39 years,Female,Emotional & Psychological Abuse,1.05,Hospital,4,0,0,0,0,2.7,0,0,0,0,0.0,0.368
2022,Spouse,30-39 years,Female,Emotional & Psychological Abuse,1.65,Hospital,4,1,1,0,0,2.6,0,0,0,0,0.6,0.668
2023,Spouse,30-39 years,Male,Physical Abuse,1.05,Police,3,0,0,1,0,4.4,0,0,0,0,0.0,0.378
2023,Spouse,30-39 years,Female,Physical Abuse,1.05,Police,5,0,0,1,0,4.3,0,0,0,1,0.2,0.478
2024,Spouse,18-29 years,Female,Physical Abuse,1.35,Police,3,1,0,1,0,4.4,0,0,0,1,0.4,0.502
2024,Spouse,40-49 years,Female,Physical Abuse,1.35,Hospital,3,1,0,1,0,4.2,0,0,0,0,0.4,0.502
2023,Spouse,30-39 years,Female,Emotional & Psychological Abuse,1.05,Hospital,5,0,1,0,0,2.9,0,0,0,1,0.4,0.568
2024,Spouse,40-49 years,Female,Physical Abuse,1.35,Social Service,6,0,1,1,0,3.4,0,0,0,0,0.4,0.702
2024,Spouse,18-29 years,Female,Physical Abuse,1.35,Hospital,2,0,0,1,0,4.2,0,0,0,0,0.0,0.352
2023,Spouse,30-39 years,Female,Physical Abuse,1.05,Police,2,0,1,1,0,4.2,0,0,0,0,0.2,0.478
2021,Spouse,30-39 years,Female,Physical Abuse,1.95,Hotline,4,0,1,1,0,4.0,0,0,0,1,0.2,0.652
2022,Spouse,18-29 years,Female,Physical Abuse,1.65,Hospital,3,0,1,1,0,4.4,0,0,0,1,0.2,0.578
2022,Spouse,30-39 years,Female,Emotional & Psychological Abuse,1.65,Social Service,3,1,1,0,0,2.0,0,0,0,1,0.6,0.617
2022,Spouse,18-29 years,Female,Physical Abuse,1.65,Police,2,0,1,1,0,4.2,0,0,0,0,0.2,0.528
2021,Spouse,18-29 years,Female,Physical Abuse,1.95,Police,6,0,1,1,0,4.5,0,0,0,1,0.4,0.753
2024,Spouse,50-64 years,Female,Physical Abuse,1.35,Hospital,3,1,0,1,0,4.3,0,0,0,0,0.4,0.502
2022,Spouse,30-39 years,Female,Emotional & Psychological Abuse,1.65,Police,6,0,1,0,0,2.9,0,0,0,1,0.4,0.668
2022,Spouse,50-64 years,Female,Physical Abuse,1.65,Police,2,0,1,1,0,4.3,0,0,0,0,0.2,0.528
2024,Spouse,30-39 years,Female,Emotional & Psychological Abuse,1.35,Police,6,0,0,0,0,2.8,0,0,0,0,0.2,0.492
2024,Spouse,40-49 years,Male,Physical Abuse,1.35,Hospital,6,0,0,1,0,4.3,0,0,0,0,0.2,0.552
2023,Spouse,40-49 years,Female,Physical Abuse,1.05,Hotline,2,0,0,1,0,3.8,0,0,0,0,0.0,0.328
2022,Spouse,40-49 years,Female,Physical Abuse,1.65,Hospital,6,1,1,1,0,4.4,0,0,0,1,0.8,0.828
2021,Spouse,30-39 years,Female,Physical Abuse,1.95,Hotline,3,1,1,1,0,3.9,0,0,0,1,0.6,0.702
2022,Spouse,30-39 years,Female,Emotional & Psychological Abuse,1.65,Hospital,6,0,1,0,0,2.7,0,0,0,0,0.4,0.668
2022,Spouse,30-39 years,Female,Physical Abuse,1.65,Hospital,2,1,1,1,0,4.5,0,1,0,1,0.6,0.628
2023,Spouse,50-64 years,Female,Emotional & Psychological Abuse,1.05,Hotline,4,0,0,0,0,2.4,0,0,0,0,0.0,0.368
2022,Spouse,50-64 years,Female,Emotional & Psychological Abuse,1.65,Police,2,0,1,0,0,2.8,0,0,0,1,0.2,0.468
2023,Spouse,50-64 years,Female,Physical Abuse,1.05,Police,4,0,1,1,0,4.5,0,1,0,1,0.2,0.578
2024,Spouse,18-29 years,Female,Physical Abuse,1.35,Hospital,6,0,0,1,0,4.3,0,0,0,1,0.2,0.552
2023,Spouse,40-49 years,Female,Physical Abuse,1.05,Police,6,0,1,1,0,4.1,0,0,0,0,0.4,0.678
2022,Spouse,50-64 years,Female,Physical Abuse,1.65,Police,4,0,1,1,0,4.5,0,0,0,1,0.2,0.628
2021,Spouse,18-29 years,Female,Physical Abuse,1.95,Police,5,0,1,1,0,4.4,0,0,0,1,0.4,0.702
2021,Spouse,18-29 years,Female,Emotional & Psychological Abuse,1.95,Hospital,2,0,1,0,0,2.7,0,0,0,0,0.2,0.493
2023,Spouse,40-49 years,Female,Physical Abuse,1.05,Hotline,6,1,0,1,0,3.8,0,0,0,0,0.6,0.628
2021,Spouse,40-49 years,Female,Physical Abuse,1.95,Police,2,0,1,1,0,4.4,0,0,0,1,0.2,0.552
2021,Spouse,50-64 years,Female,Physical Abuse,1.95,Police,5,0,1,1,0,4.3,0,0,0,1,0.4,0.702
2022,Spouse,18-29 years,Female,Physical Abuse,1.65,Social Service,4,0,1,1,0,3.5,0,0,0,1,0.2,0.628
2024,Spouse,40-49 years,Female,Physical Abuse,1.35,Hotline,4,0,0,1,0,4.1,0,0,0,1,0.0,0.452
2022,Spouse,30-39 years,Female,Emotional & Psychological Abuse,1.65,Hospital,3,0,1,0,0,2.9,0,0,0,1,0.2,0.518
2021,Spouse,18-29 years,Female,Physical Abuse,1.95,Hotline,4,0,1,1,0,3.8,0,0,0,0,0.2,0.652
2023,Spouse,18-29 years,Female,Physical Abuse,1.05,Hotline,6,1,0,1,0,3.8,0,0,0,0,0.6,0.628
2024,Spouse,50-64 years,Female,Physical Abuse,1.35,Police,3,0,0,1,0,4.2,0,0,0,0,0.0,0.402
2023,Spouse,40-49 years,Female,Physical Abuse,1.05,Police,4,1,0,1,0,4.4,0,0,0,1,0.4,0.528
2021,Spouse,30-39 years,Female,Physical Abuse,1.95,Police,3,0,1,1,0,4.1,0,0,0,0,0.2,0.602
2024,Spouse,30-39 years,Female,Physical Abuse,1.35,Social Service,5,1,0,1,0,3.5,0,0,0,1,0.6,0.602
2023,Spouse,50-64 years,Female,Emotional & Psychological Abuse,1.05,Police,5,1,0,0,0,2.9,0,0,0,1,0.6,0.518
2024,Spouse,30-39 years,Female,Physical Abuse,1.35,Police,2,0,0,1,0,4.5,0,0,0,1,0.0,0.352
2022,Spouse,50-64 years,Female,Emotional & Psychological Abuse,1.65,Police,2,0,1,0,0,2.7,0,0,0,0,0.2,0.468
2023,Spouse,30-39 years,Female,Emotional & Psychological Abuse,1.05,Hospital,6,1,0,0,0,2.9,0,0,0,1,0.6,0.568
2023,Spouse,30-39 years,Female,Emotional & Psychological Abuse,1.05,Social Service,6,0,0,0,0,1.8,0,0,0,0,0.2,0.468
2022,Spouse,30-39 years,Female,Emotional & Psychological Abuse,1.65,Hotline,6,0,1,0,0,2.5,0,0,0,1,0.4,0.668
2024,Spouse,30-39 years,Female,Physical Abuse,1.35,Hotline,4,0,1,1,0,3.8,0,0,0,0,0.2,0.602
2021,Spouse,40-49 years,Female,Physical Abuse,1.95,Hotline,5,0,1,1,0,3.9,0,0,0,0,0.4,0.702
2024,Spouse,30-39 years,Male,Physical Abuse,1.35,Police,4,0,0,1,0,4.4,0,0,0,0,0.0,0.452
2022,Spouse,30-39 years,Male,Physical Abuse,1.65,Police,5,0,1,1,0,4.2,0,0,0,0,0.4,0.678
2021,Spouse,50-64 years,Male,Physical Abuse,1.95,Hospital,3,0,1,1,0,4.2,0,0,0,0,0.2,0.602
2024,Spouse,30-39 years,Female,Physical Abuse,1.35,Police,4,0,0,1,0,4.4,0,0,0,1,0.0,0.452
2021,Spouse,30-39 years,Female,Physical Abuse,1.95,Social Service,4,1,1,1,0,3.6,0,0,0,1,0.6,0.752
2021,Spouse,50-64 years,Female,Physical Abuse,1.95,Hotline,3,0,1,1,0,4.0,0,0,0,1,0.2,0.602
2022,Spouse,40-49 years,Female,Emotional & Psychological Abuse,1.65,Hotline,2,0,1,0,0,2.5,0,0,0,1,0.2,0.468
2023,Spouse,18-29 years,Female,Emotional & Psychological Abuse,1.05,Hospital,3,0,1,0,0,2.8,0,0,0,1,0.2,0.468
2022,Spouse,50-64 years,Female,Emotional & Psychological Abuse,1.65,Police,2,0,1,0,0,2.7,0,0,0,0,0.2,0.468
2024,Spouse,40-49 years,Female,Physical Abuse,1.35,Hospital,5,0,0,1,0,4.2,0,0,0,0,0.2,0.503
2022,Spouse,30-39 years,Female,Physical Abuse,1.65,Police,2,0,1,1,0,4.2,0,0,0,0,0.2,0.528
2022,Spouse,18-29 years,Female,Physical Abuse,1.65,Police,6,1,1,1,0,4.5,0,0,0,1,0.8,0.828
2024,Spouse,40-49 years,Female,Physical Abuse,1.35,Police,3,0,0,1,0,4.3,0,0,0,1,0.0,0.402
2021,Spouse,40-49 years,Female,Physical Abuse,1.95,Social Service,5,1,1,1,0,3.5,0,0,0,0,0.8,0.802
2021,Spouse,30-39 years,Female,Physical Abuse,1.95,Police,6,0,1,1,0,4.3,0,0,0,0,0.4,0.753
2022,Spouse,50-64 years,Female,Physical Abuse,1.65,Hospital,5,0,1,1,0,4.5,0,0,0,1,0.4,0.678
2024,Elderly VA,65+ years,Female,Physical Abuse,0.4,Community,6,0,1,1,0,4.2,1,0,0,1,0.4,0.623
2024,Spouse,40-49 years,Male,Physical Abuse,1.35,Police,4,0,0,1,0,4.3,0,0,0,0,0.0,0.452
2023,Spouse,18-29 years,Male,Physical Abuse,1.05,Hospital,5,1,0,1,0,4.3,0,0,0,0,0.6,0.578
2021,Spouse,30-39 years,Female,Physical Abuse,1.95,Hospital,5,0,1,1,0,4.3,0,0,0,1,0.4,0.702
2023,Spouse,30-39 years,Female,Physical Abuse,1.05,Hospital,6,0,0,1,0,4.1,0,0,0,0,0.2,0.528
2024,Spouse,40-49 years,Female,Physical Abuse,1.35,Police,3,0,1,1,0,4.4,0,0,0,1,0.2,0.552
2022,Spouse,18-29 years,Female,Physical Abuse,1.65,Hotline,4,0,1,1,0,4.1,0,0,0,1,0.2,0.628
2022,Spouse,40-49 years,Male,Physical Abuse,1.65,Police,3,1,1,1,0,4.3,0,0,0,0,0.6,0.678
2022,Spouse,40-49 years,Female,Physical Abuse,1.65,Police,3,0,1,1,0,4.4,0,0,0,1,0.2,0.578
2024,Spouse,50-64 years,Female,Physical Abuse,1.35,Police,3,0,1,1,0,4.5,0,1,0,1,0.2,0.552
2024,Spouse,30-39 years,Female,Emotional & Psychological Abuse,1.35,Hospital,4,0,0,0,0,2.9,0,0,0,1,0.0,0.392
2023,Spouse,50-64 years,Female,Physical Abuse,1.05,Hospital,2,0,0,1,0,4.2,0,0,0,0,0.0,0.328
2023,Spouse,18-29 years,Female,Physical Abuse,1.05,Hotline,4,0,0,1,0,3.9,0,0,0,1,0.0,0.428
2022,Spouse,50-64 years,Female,Emotional & Psychological Abuse,1.65,Hospital,3,1,1,0,0,2.8,0,0,0,1,0.6,0.617
2021,Spouse,18-29 years,Female,Emotional & Psychological Abuse,1.95,Hospital,3,1,1,0,0,2.8,0,0,0,0,0.6,0.642
2024,Spouse,30-39 years,Female,Physical Abuse,1.35,Hospital,5,0,0,1,0,4.4,0,0,0,1,0.2,0.503
2021,Spouse,40-49 years,Female,Physical Abuse,1.95,Police,4,1,1,1,0,4.5,0,1,0,1,0.6,0.752
2024,Spouse,18-29 years,Female,Physical Abuse,1.35,Police,3,1,0,1,0,4.5,0,0,0,1,0.4,0.502
2023,Spouse,30-39 years,Female,Emotional & Psychological Abuse,1.05,Hotline,3,1,0,0,0,2.4,0,0,0,0,0.4,0.418
2022,Spouse,40-49 years,Male,Physical Abuse,1.65,Hotline,2,0,1,1,0,3.7,0,0,0,0,0.2,0.528
2021,Spouse,40-49 years,Female,Emotional & Psychological Abuse,1.95,Police,2,1,1,0,0,3.0,0,0,0,1,0.6,0.592
2021,Spouse,40-49 years,Female,Emotional & Psychological Abuse,1.95,Police,4,0,1,0,0,2.9,0,0,0,1,0.2,0.592
2022,Spouse,40-49 years,Male,Physical Abuse,1.65,Police,4,0,1,1,0,4.1,0,0,0,0,0.2,0.628
2024,Spouse,30-39 years,Female,Emotional & Psychological Abuse,1.35,Police,2,1,1,0,0,3.0,0,0,0,1,0.6,0.542
2021,Spouse,30-39 years,Female,Emotional & Psychological Abuse,1.95,Hotline,6,0,1,0,0,2.5,0,0,0,1,0.4,0.692
2022,Spouse,30-39 years,Female,Physical Abuse,1.65,Social Service,5,1,1,1,0,3.5,0,0,0,1,0.8,0.778
2021,Spouse,18-29 years,Female,Physical Abuse,1.95,Hotline,3,0,1,1,0,3.9,0,0,0,1,0.2,0.602
2023,Spouse,50-64 years,Female,Physical Abuse,1.05,Hospital,3,0,1,1,0,4.3,0,0,0,0,0.2,0.528
2023,Spouse,40-49 years,Female,Physical Abuse,1.05,Hotline,5,1,0,1,0,3.7,0,0,0,0,0.6,0.578
2022,Spouse,30-39 years,Male,Physical Abuse,1.65,Police,2,1,1,1,0,4.2,0,0,0,0,0.6,0.628
2022,Spouse,30-39 years,Female,Emotional & Psychological Abuse,1.65,Police,5,0,1,0,0,2.9,0,0,0,1,0.4,0.618
2024,Spouse,50-64 years,Female,Physical Abuse,1.35,Police,2,0,0,1,0,4.1,0,0,0,0,0.0,0.352
2023,Spouse,18-29 years,Male,Physical Abuse,1.05,Hotline,6,0,0,1,0,3.8,0,0,0,0,0.2,0.528
2024,Spouse,40-49 years,Female,Physical Abuse,1.35,Police,6,0,0,1,0,4.3,0,0,0,0,0.2,0.552
2023,Spouse,30-39 years,Female,Physical Abuse,1.05,Police,6,1,0,1,0,4.3,0,0,0,1,0.6,0.628
2022,Spouse,40-49 years,Male,Physical Abuse,1.65,Police,6,0,1,1,0,4.5,0,1,0,0,0.4,0.728
2021,Spouse,18-29 years,Female,Physical Abuse,1.95,Hotline,3,0,1,1,0,3.8,0,0,0,0,0.2,0.602
2022,Spouse,50-64 years,Female,Physical Abuse,1.65,Social Service,2,0,1,1,0,3.4,0,0,0,0,0.2,0.528
2021,Spouse,50-64 years,Female,Emotional & Psychological Abuse,1.95,Police,3,0,1,0,0,2.9,0,0,0,1,0.2,0.542
2022,Spouse,40-49 years,Female,Emotional & Psychological Abuse,1.65,Hotline,4,1,1,0,0,2.4,0,0,0,1,0.6,0.668
2023,Spouse,40-49 years,Female,Physical Abuse,1.05,Social Service,6,0,1,1,0,3.4,0,0,0,0,0.4,0.678
2024,Spouse,50-64 years,Female,Emotional & Psychological Abuse,1.35,Police,4,0,0,0,0,2.8,0,0,0,0,0.0,0.392
2022,Spouse,40-49 years,Female,Physical Abuse,1.65,Hotline,4,1,1,1,0,3.8,0,0,0,0,0.6,0.727
2024,Spouse,18-29 years,Female,Emotional & Psychological Abuse,1.35,Hospital,4,1,0,0,0,2.7,0,0,0,0,0.4,0.493
2024,Spouse,40-49 years,Female,Physical Abuse,1.35,Hotline,6,0,0,1,0,3.9,0,0,0,0,0.2,0.552
2024,Spouse,40-49 years,Female,Emotional & Psychological Abuse,1.35,Hospital,4,0,0,0,0,2.8,0,0,0,0,0.0,0.392
2023,Spouse,30-39 years,Female,Physical Abuse,1.05,Hospital,4,0,0,1,0,4.5,0,1,0,1,0.0,0.428
2023,Spouse,40-49 years,Female,Physical Abuse,1.05,Hotline,2,0,0,1,0,3.8,0,0,0,0,0.0,0.328
2024,Spouse,50-64 years,Female,Emotional & Psychological Abuse,1.35,Police,4,1,0,0,0,2.8,0,0,0,1,0.4,0.493
2023,Spouse,50-64 years,Male,Emotional & Psychological Abuse,1.05,Social Service,4,0,1,0,0,2.1,0,0,0,0,0.2,0.518
2022,Spouse,30-39 years,Male,Physical Abuse,1.65,Hotline,6,0,1,1,0,3.7,0,0,0,0,0.4,0.728
2023,Spouse,18-29 years,Male,Physical Abuse,1.05,Police,3,0,0,1,0,4.4,0,0,0,0,0.0,0.378
2021,Spouse,50-64 years,Female,Physical Abuse,1.95,Police,2,1,1,1,0,4.2,0,0,0,0,0.6,0.652
2023,Spouse,50-64 years,Female,Emotional & Psychological Abuse,1.05,Hospital,4,0,0,0,0,3.0,0,0,0,1,0.0,0.368
2021,Spouse,18-29 years,Male,Physical Abuse,1.95,Police,4,0,1,1,0,4.2,0,0,0,0,0.2,0.652
2023,Spouse,50-64 years,Female,Physical Abuse,1.05,Police,6,1,0,1,0,4.3,0,0,0,0,0.6,0.628
2023,Spouse,50-64 years,Female,Emotional & Psychological Abuse,1.05,Police,6,1,0,0,0,2.6,0,0,0,0,0.6,0.568
2024,Spouse,30-39 years,Male,Physical Abuse,1.35,Hospital,4,0,0,1,0,4.5,0,1,0,0,0.0,0.452
2023,Spouse,40-49 years,Female,Emotional & Psychological Abuse,1.05,Police,2,0,0,0,0,2.8,0,0,0,1,0.0,0.268
2022,Spouse,30-39 years,Female,Physical Abuse,1.65,Hospital,4,0,1,1,0,4.3,0,0,0,1,0.2,0.628
2024,Spouse,18-29 years,Female,Physical Abuse,1.35,Social Service,6,1,0,1,0,3.3,0,0,0,0,0.6,0.652
2022,Spouse,30-39 years,Female,Physical Abuse,1.65,Police,2,0,1,1,0,4.4,0,0,0,1,0.2,0.528
2021,Elderly VA,65+ years,Male,Physical Abuse,1.1,Police,3,0,0,1,0,5.0,1,1,0,0,0.0,0.382
2024,Spouse,50-64 years,Female,Physical Abuse,1.35,Hospital,6,1,0,1,0,4.5,0,0,0,1,0.6,0.652
2024,Spouse,18-29 years,Female,Physical Abuse,1.35,Police,4,0,0,1,0,4.2,0,0,0,0,0.0,0.452
2022,Spouse,30-39 years,Female,Physical Abuse,1.65,Police,6,0,1,1,0,4.2,0,0,0,0,0.4,0.728
2022,Spouse,30-39 years,Male,Physical Abuse,1.65,Police,5,0,1,1,0,4.1,0,0,0,0,0.4,0.678
2024,Spouse,30-39 years,Male,Physical Abuse,1.35,Police,5,0,1,1,0,4.3,0,0,0,0,0.4,0.653
2024,Spouse,50-64 years,Female,Physical Abuse,1.35,Hospital,2,1,0,1,0,4.3,0,0,0,1,0.4,0.452
2024,Spouse,30-39 years,Male,Emotional & Psychological Abuse,1.35,Police,5,0,0,0,0,2.6,0,0,0,0,0.2,0.442
2024,Spouse,30-39 years,Female,Physical Abuse,1.35,Police,2,0,0,1,0,4.4,0,0,0,1,0.0,0.352
2021,Spouse,40-49 years,Female,Emotional & Psychological Abuse,1.95,Hotline,4,0,1,0,0,2.4,0,0,0,0,0.2,0.592
2021,Spouse,30-39 years,Female,Physical Abuse,1.95,Police,3,1,1,1,0,4.3,0,0,0,1,0.6,0.702
2022,Spouse,30-39 years,Female,Physical Abuse,1.65,Hotline,4,0,1,1,0,3.9,0,0,0,0,0.2,0.628
2022,Spouse,30-39 years,Female,Emotional & Psychological Abuse,1.65,Hotline,4,0,1,0,0,2.4,0,0,0,0,0.2,0.568
2022,Spouse,18-29 years,Female,Physical Abuse,1.65,Social Service,6,0,1,1,0,3.5,0,0,0,1,0.4,0.728
2021,Spouse,18-29 years,Female,Physical Abuse,1.95,Hotline,6,0,1,1,0,3.8,0,0,0,0,0.4,0.753
2022,Spouse,30-39 years,Male,Emotional & Psychological Abuse,1.65,Hospital,3,1,1,0,0,2.7,0,0,0,0,0.6,0.617
2023,Spouse,30-39 years,Male,Physical Abuse,1.05,Hospital,2,0,0,1,0,4.4,0,0,0,0,0.0,0.328
2023,Spouse,50-64 years,Female,Physical Abuse,1.05,Social Service,5,0,1,1,0,3.7,0,0,0,1,0.4,0.628
2024,Spouse,30-39 years,Female,Physical Abuse,1.35,Police,5,1,0,1,0,4.2,0,0,0,0,0.6,0.602
2022,Spouse,40-49 years,Male,Physical Abuse,1.65,Police,3,1,1,1,0,4.2,0,0,0,0,0.6,0.678
2022,Spouse,40-49 years,Female,Physical Abuse,1.65,Police,2,0,1,1,0,4.4,0,0,0,1,0.2,0.528
2022,Elderly VA,65+ years,Male,Self-Neglect,0.4,Police,6,0,1,0,1,4.1,1,1,0,0,0.4,0.55
2021,Spouse,18-29 years,Male,Emotional & Psychological Abuse,1.95,Hotline,3,0,1,0,0,2.2,0,0,0,0,0.2,0.542
2021,Spouse,40-49 years,Female,Physical Abuse,1.95,Hospital,3,0,1,1,0,4.2,0,0,0,0,0.2,0.602
2024,Spouse,18-29 years,Female,Emotional & Psychological Abuse,1.35,Hospital,4,0,1,0,0,2.9,0,0,0,1,0.2,0.542
2023,Spouse,50-64 years,Female,Physical Abuse,1.05,Hospital,5,0,0,1,0,4.4,0,0,0,1,0.2,0.478
2023,Non-Elderly VA,18-29 years,Female,Physical Abuse,0.7,Community,6,1,0,1,0,3.3,1,1,0,1,0.6,0.598
2024,Spouse,18-29 years,Male,Physical Abuse,1.35,Police,3,1,0,1,0,4.2,0,0,0,0,0.4,0.502
2023,Spouse,30-39 years,Female,Physical Abuse,1.05,Social Service,4,1,1,1,0,3.4,0,0,0,0,0.6,0.678
2021,Spouse,18-29 years,Female,Physical Abuse,1.95,Police,4,1,1,1,0,4.4,0,0,0,1,0.6,0.752
2021,Non-Elderly VA,50-64 years,Male,Physical Abuse,1.3,Hospital,6,1,0,1,0,4.1,1,0,0,0,0.6,0.648
2022,Spouse,50-64 years,Female,Emotional & Psychological Abuse,1.65,Hospital,3,0,1,0,0,2.6,0,0,0,0,0.2,0.518
2021,Spouse,30-39 years,Female,Physical Abuse,1.95,Hospital,5,0,1,1,0,4.4,0,0,0,1,0.4,0.702
2022,Spouse,40-49 years,Female,Emotional & Psychological Abuse,1.65,Police,4,0,1,0,0,2.7,0,0,0,0,0.2,0.568
2021,Spouse,18-29 years,Female,Physical Abuse,1.95,Police,4,0,1,1,0,4.4,0,0,0,1,0.2,0.652
2022,Spouse,40-49 years,Female,Physical Abuse,1.65,Hotline,6,0,1,1,0,3.8,0,0,0,0,0.4,0.728
2021,Spouse,30-39 years,Female,Physical Abuse,1.95,Hotline,4,0,1,1,0,3.7,0,0,0,0,0.2,0.652
2024,Spouse,50-64 years,Female,Physical Abuse,1.35,Police,6,0,0,1,0,4.2,0,0,0,0,0.2,0.552
2022,Spouse,30-39 years,Male,Physical Abuse,1.65,Police,2,0,1,1,0,4.4,0,0,0,0,0.2,0.528
2023,Elderly VA,65+ years,Male,Physical Abuse,0.5,Social Service,5,0,0,1,0,4.4,1,1,0,0,0.2,0.432
2021,Spouse,18-29 years,Female,Emotional & Psychological Abuse,1.95,Police,6,0,1,0,0,2.9,0,0,0,1,0.4,0.692
2022,Spouse,18-29 years,Male,Emotional & Psychological Abuse,1.65,Hotline,5,0,1,0,0,2.4,0,0,0,0,0.4,0.618
2024,Spouse,30-39 years,Female,Physical Abuse,1.35,Hotline,2,0,0,1,0,4.0,0,0,0,1,0.0,0.352
2021,Spouse,40-49 years,Female,Emotional & Psychological Abuse,1.95,Police,3,0,1,0,0,2.7,0,0,0,0,0.2,0.542
2024,Spouse,18-29 years,Female,Emotional & Psychological Abuse,1.35,Police,4,0,0,0,0,2.7,0,0,0,0,0.0,0.392
2023,Spouse,40-49 years,Male,Physical Abuse,1.05,Police,3,0,0,1,0,4.5,0,0,0,0,0.0,0.378
2022,Spouse,30-39 years,Female,Physical Abuse,1.65,Hospital,3,0,1,1,0,4.1,0,0,0,0,0.2,0.578
2021,Spouse,30-39 years,Female,Physical Abuse,1.95,Police,3,0,1,1,0,4.1,0,0,0,0,0.2,0.602
2024,Spouse,30-39 years,Female,Emotional & Psychological Abuse,1.35,Hospital,3,1,0,0,0,2.7,0,0,0,0,0.4,0.442
2024,Spouse,30-39 years,Female,Physical Abuse,1.35,Hospital,5,0,1,1,0,4.1,0,0,0,0,0.4,0.653
2021,Spouse,40-49 years,Male,Physical Abuse,1.95,Police,5,0,1,1,0,4.2,0,0,0,0,0.4,0.702
2021,Spouse,18-29 years,Female,Emotional & Psychological Abuse,1.95,Police,3,1,1,0,0,2.8,0,0,0,1,0.6,0.642
2023,Spouse,18-29 years,Female,Physical Abuse,1.05,Hotline,2,0,0,1,0,3.9,0,0,0,0,0.0,0.328
2022,Spouse,50-64 years,Female,Physical Abuse,1.65,Police,6,0,1,1,0,4.5,0,0,0,1,0.4,0.728
2022,Spouse,50-64 years,Female,Emotional & Psychological Abuse,1.65,Police,5,0,1,0,0,2.9,0,0,0,1,0.4,0.618
2024,Spouse,30-39 years,Female,Physical Abuse,1.35,Police,6,0,0,1,0,4.2,0,0,0,0,0.2,0.552
2022,Spouse,30-39 years,Female,Physical Abuse,1.65,Hospital,3,1,1,1,0,4.2,0,0,0,0,0.6,0.678
2024,Spouse,40-49 years,Female,Emotional & Psychological Abuse,1.35,Hotline,4,0,0,0,0,2.4,0,0,0,0,0.0,0.392
2023,Spouse,30-39 years,Female,Emotional & Psychological Abuse,1.05,Social Service,5,0,0,0,0,2.0,0,0,0,1,0.2,0.418
2022,Spouse,18-29 years,Female,Physical Abuse,1.65,Social Service,6,0,1,1,0,3.4,0,0,0,0,0.4,0.728
2023,Spouse,18-29 years,Male,Physical Abuse,1.05,Police,4,0,0,1,0,4.3,0,0,0,0,0.0,0.428
2022,Spouse,40-49 years,Female,Emotional & Psychological Abuse,1.65,Hospital,5,1,1,0,0,2.8,0,0,0,0,0.8,0.718
2022,Spouse,40-49 years,Female,Physical Abuse,1.65,Hotline,5,0,1,1,0,3.9,0,0,0,1,0.4,0.678
2022,Spouse,18-29 years,Female,Physical Abuse,1.65,Hotline,3,1,1,1,0,3.9,0,0,0,1,0.6,0.678
2021,Spouse,30-39 years,Female,Physical Abuse,1.95,Police,2,0,1,1,0,4.2,0,0,0,0,0.2,0.552
2021,Spouse,30-39 years,Female,Physical Abuse,1.95,Hospital,3,0,1,1,0,4.5,0,0,0,1,0.2,0.602
2024,Spouse,40-49 years,Male,Physical Abuse,1.35,Hospital,6,0,0,1,0,4.4,0,0,0,0,0.2,0.552
2021,Spouse,18-29 years,Male,Physical Abuse,1.95,Police,2,0,1,1,0,4.2,0,0,0,0,0.2,0.552
2021,Spouse,18-29 years,Female,Emotional & Psychological Abuse,1.95,Police,3,0,1,0,0,2.9,0,0,0,1,0.2,0.542
2022,Spouse,40-49 years,Female,Physical Abuse,1.65,Hospital,2,0,1,1,0,4.3,0,0,0,0,0.2,0.528
2024,Spouse,18-29 years,Male,Emotional & Psychological Abuse,1.35,Police,3,1,0,0,0,3.0,0,0,0,0,0.4,0.442
2024,Spouse,40-49 years,Female,Physical Abuse,1.35,Social Service,6,0,0,1,0,3.6,0,0,0,1,0.2,0.552
2022,Spouse,30-39 years,Male,Physical Abuse,1.65,Police,2,0,1,1,0,4.3,0,0,0,0,0.2,0.528
2023,Spouse,18-29 years,Female,Physical Abuse,1.05,Police,2,0,0,1,0,4.1,0,0,0,0,0.0,0.328
2022,Spouse,30-39 years,Female,Physical Abuse,1.65,Hotline,5,0,1,1,0,3.8,0,0,0,0,0.4,0.678
2024,Spouse,40-49 years,Male,Emotional & Psychological Abuse,1.35,Hotline,6,0,0,0,0,2.4,0,0,0,0,0.2,0.492
2022,Spouse,50-64 years,Female,Emotional & Psychological Abuse,1.65,Police,3,1,1,0,0,2.9,0,0,0,1,0.6,0.617
2024,Spouse,50-64 years,Female,Physical Abuse,1.35,Police,6,0,0,1,0,4.2,0,0,0,0,0.2,0.552
2023,Spouse,30-39 years,Female,Physical Abuse,1.05,Police,2,0,0,1,0,4.2,0,0,0,0,0.0,0.328
2024,Spouse,40-49 years,Female,Physical Abuse,1.35,Hotline,5,1,0,1,0,4.0,0,0,0,1,0.6,0.602
2024,Spouse,30-39 years,Female,Physical Abuse,1.35,Police,4,1,0,1,0,4.5,0,1,0,1,0.4,0.552
2023,Spouse,30-39 years,Female,Emotional & Psychological Abuse,1.05,Police,5,0,0,0,0,2.8,0,0,0,1,0.2,0.418
2024,Spouse,50-64 years,Female,Physical Abuse,1.35,Police,3,0,0,1,0,4.2,0,0,0,0,0.0,0.402
2023,Spouse,18-29 years,Female,Physical Abuse,1.05,Hospital,5,0,1,1,0,4.2,0,0,0,0,0.4,0.628
2024,Spouse,18-29 years,Male,Emotional & Psychological Abuse,1.35,Police,4,1,1,0,0,2.6,0,0,0,0,0.6,0.642
2023,Spouse,30-39 years,Male,Physical Abuse,1.05,Hotline,2,1,0,1,0,4.1,0,0,0,0,0.4,0.428
2022,Spouse,18-29 years,Female,Physical Abuse,1.65,Hospital,6,0,1,1,0,4.1,0,0,0,0,0.4,0.728
2022,Spouse,18-29 years,Female,Physical Abuse,1.65,Police,2,0,1,1,0,4.3,0,0,0,1,0.2,0.528
2022,Spouse,40-49 years,Female,Emotional & Psychological Abuse,1.65,Police,6,0,1,0,0,2.7,0,0,0,0,0.4,0.668
2021,Child,0-6 years,Male,Neglect,2.6,Police,3,0,1,0,1,4.3,0,0,0,0,0.2,0.567
2021,Child,7-12 years,Male,Physical Abuse,2.6,Hospital,2,1,1,1,0,4.9,1,1,1,0,0.8,0.707
2021,Child,7-12 years,Male,Physical Abuse,2.6,Social Service,2,0,1,1,0,4.1,1,1,0,0,0.2,0.607
2021,Child,13-16 years,Male,Neglect,2.6,Police,5,0,1,0,1,3.7,0,0,0,0,0.4,0.667
2021,Child,7-12 years,Male,Neglect,2.6,School,4,1,1,0,1,2.8,1,0,1,0,0.8,0.717
2021,Child,0-6 years,Male,Neglect,2.6,School,6,0,1,0,1,3.4,1,0,0,0,0.4,0.717
2021,Child,7-12 years,Male,Neglect,2.6,School,3,0,1,0,1,3.2,1,1,0,0,0.2,0.567
2021,Child,13-16 years,Male,Emotional & Psychological Abuse,2.6,Police,4,0,1,0,0,3.4,0,0,0,0,0.2,0.647
2021,Child,13-16 years,Male,Neglect,2.6,Hospital,3,0,1,0,1,3.8,0,0,0,0,0.2,0.567
2021,Child,13-16 years,Male,Neglect,2.6,Hospital,3,0,1,0,1,3.8,0,0,0,0,0.2,0.567
2021,Child,0-6 years,Male,Physical Abuse,2.6,Police,3,0,1,1,0,5.0,1,1,0,0,0.2,0.657
2021,Child,7-12 years,Male,Physical Abuse,2.6,Social Service,6,0,1,1,0,3.9,1,0,0,0,0.4,0.807
2021,Child,13-16 years,Male,Sexual Abuse,2.6,Hospital,3,1,1,0,0,5.0,1,1,1,0,0.8,0.817
2021,Child,7-12 years,Male,Neglect,2.6,Social Service,2,0,1,0,1,3.0,1,0,0,0,0.2,0.517
2021,Child,7-12 years,Male,Sexual Abuse,2.6,School,2,0,1,0,0,4.5,1,0,0,0,0.2,0.667
2021,Child,0-6 years,Male,Neglect,2.6,School,4,1,1,0,1,3.5,0,0,1,0,0.8,0.717
2021,Child,0-6 years,Male,Physical Abuse,2.6,Police,3,0,1,1,0,5.0,0,0,0,0,0.2,0.657
2021,Child,0-6 years,Male,Emotional & Psychological Abuse,2.6,Hospital,4,0,1,0,0,3.7,0,0,0,0,0.2,0.647
2021,Child,13-16 years,Male,Emotional & Psychological Abuse,2.6,School,6,0,1,0,0,2.6,1,1,0,0,0.4,0.747
2021,Child,0-6 years,Male,Neglect,2.6,School,4,1,1,0,1,3.3,0,0,1,0,0.8,0.717
2021,Child,7-12 years,Male,Physical Abuse,2.6,Hospital,5,1,1,1,0,4.8,1,1,1,0,1.0,0.857
2021,Child,7-12 years,Male,Sexual Abuse,2.6,Hospital,5,1,1,0,0,5.0,1,0,1,0,1.0,0.917
2021,Child,0-6 years,Male,Neglect,2.6,School,6,0,1,0,1,3.5,0,0,0,0,0.4,0.717
2021,Child,13-16 years,Male,Sexual Abuse,2.6,Police,3,0,1,0,0,5.0,1,1,0,0,0.2,0.717
2021,Child,17-18 years,Male,Physical Abuse,2.6,Police,2,0,1,1,0,4.2,1,0,0,0,0.2,0.607
2021,Child,7-12 years,Male,Neglect,2.6,School,3,0,1,0,1,3.1,0,0,0,0,0.2,0.567
2021,Child,7-12 years,Male,Neglect,2.6,Social Service,2,0,1,0,1,2.9,0,0,0,0,0.2,0.517
2021,Child,7-12 years,Male,Physical Abuse,2.6,Hospital,3,1,1,1,0,4.8,1,0,1,0,0.8,0.757
2021,Child,7-12 years,Male,Sexual Abuse,2.6,Police,6,0,1,0,0,5.0,1,1,0,0,0.4,0.867
2021,Child,13-16 years,Male,Neglect,2.6,Hospital,2,0,1,0,1,3.9,1,1,0,0,0.2,0.517
2021,Child,0-6 years,Male,Physical Abuse,2.6,Hospital,2,1,1,1,0,5.0,1,1,1,0,0.8,0.707
2021,Child,13-16 years,Male,Physical Abuse,2.6,Hospital,2,0,1,1,0,4.9,1,0,0,0,0.2,0.607
2021,Child,13-16 years,Male,Emotional & Psychological Abuse,2.6,Hospital,6,1,1,0,0,3.2,0,0,1,0,1.0,0.847
2021,Child,7-12 years,Male,Sexual Abuse,2.6,Hospital,5,1,1,0,0,5.0,0,0,1,0,1.0,0.917
2021,Child,0-6 years,Male,Physical Abuse,2.6,School,4,0,1,1,0,4.4,0,0,0,0,0.2,0.707
2021,Child,7-12 years,Male,Physical Abuse,2.6,Social Service,2,0,1,1,0,4.0,1,1,0,0,0.2,0.607
2021,Child,7-12 years,Male,Neglect,2.6,Hospital,2,1,1,0,1,3.6,0,0,1,0,0.8,0.617
2021,Child,7-12 years,Male,Neglect,2.6,Hospital,2,1,1,0,1,3.8,1,0,1,0,0.8,0.617
2021,Child,13-16 years,Male,Neglect,2.6,School,5,0,1,0,1,3.0,0,0,0,0,0.4,0.667
2021,Child,7-12 years,Male,Neglect,2.6,Hospital,2,1,1,0,1,3.7,1,0,1,0,0.8,0.617
2021,Child,7-12 years,Male,Neglect,2.6,Hospital,4,0,1,0,1,3.9,0,0,0,0,0.2,0.617
2021,Child,13-16 years,Male,Sexual Abuse,2.6,Social Service,5,1,1,0,0,4.3,1,0,1,0,1.0,0.917
2021,Child,7-12 years,Male,Physical Abuse,2.6,Hospital,5,1,1,1,0,4.6,1,0,1,0,1.0,0.857
2021,Child,13-16 years,Male,Sexual Abuse,2.6,Hospital,3,1,1,0,0,5.0,1,1,1,0,0.8,0.817
2021,Child,7-12 years,Male,Neglect,2.6,Hospital,4,0,1,0,1,3.8,0,0,0,0,0.2,0.617
2021,Child,7-12 years,Male,Sexual Abuse,2.6,School,2,0,1,0,0,4.6,1,1,0,0,0.2,0.667
2021,Child,0-6 years,Male,Neglect,2.6,School,6,0,1,0,1,3.5,0,0,0,0,0.4,0.717
2021,Child,7-12 years,Male,Neglect,2.6,Social Service,3,1,1,0,1,2.9,1,0,1,0,0.8,0.667
2021,Child,17-18 years,Male,Neglect,2.6,School,6,0,1,0,1,2.6,1,1,0,0,0.4,0.717
2021,Child,0-6 years,Male,Neglect,2.6,School,4,0,1,0,1,3.6,0,0,0,0,0.2,0.617
2021,Child,0-6 years,Male,Physical Abuse,2.6,Hospital,3,0,1,1,0,5.0,1,1,0,0,0.2,0.657
2021,Child,7-12 years,Male,Physical Abuse,2.6,Hospital,3,1,1,1,0,4.7,1,1,1,0,0.8,0.757
2021,Child,7-12 years,Male,Sexual Abuse,2.6,Hospital,5,1,1,0,0,5.0,1,0,1,0,1.0,0.917
2021,Child,0-6 years,Male,Physical Abuse,2.6,School,4,0,1,1,0,4.4,1,1,0,0,0.2,0.707
2021,Child,7-12 years,Male,Neglect,2.6,School,2,1,1,0,1,2.8,0,0,1,0,0.8,0.617
2021,Child,13-16 years,Male,Sexual Abuse,2.6,Police,4,1,1,0,0,5.0,1,1,1,0,0.8,0.867
2021,Child,7-12 years,Male,Sexual Abuse,2.6,School,2,0,1,0,0,4.4,1,0,0,0,0.2,0.667
2021,Child,0-6 years,Male,Neglect,2.6,School,4,1,1,0,1,3.7,1,1,1,0,0.8,0.717
2021,Child,0-6 years,Male,Physical Abuse,2.6,Police,6,1,1,1,0,5.0,1,1,1,0,1.0,0.907
2021,Child,13-16 years,Male,Emotional & Psychological Abuse,2.6,Hospital,6,1,1,0,0,3.2,0,0,1,0,1.0,0.847
2021,Child,7-12 years,Male,Sexual Abuse,2.6,Hospital,5,1,1,0,0,5.0,1,1,1,0,1.0,0.917
2021,Child,7-12 years,Male,Physical Abuse,2.6,Police,6,0,1,1,0,4.9,1,1,0,0,0.4,0.807
2021,Child,13-16 years,Male,Physical Abuse,2.6,Hospital,5,0,1,1,0,4.9,1,1,0,0,0.4,0.757
2021,Child,7-12 years,Male,Emotional & Psychological Abuse,2.6,School,3,0,1,0,0,2.6,0,0,0,0,0.2,0.597
2021,Child,13-16 years,Male,Neglect,2.6,School,5,0,1,0,1,3.1,0,0,0,0,0.4,0.667
2021,Child,7-12 years,Male,Emotional & Psychological Abuse,2.6,School,5,0,1,0,0,2.6,0,0,0,0,0.4,0.697
2021,Child,0-6 years,Male,Sexual Abuse,2.6,School,2,0,1,0,0,5.0,1,1,0,0,0.2,0.667
2021,Child,0-6 years,Male,Emotional & Psychological Abuse,2.6,School,2,0,1,0,0,2.9,0,0,0,0,0.2,0.547
2021,Child,13-16 years,Male,Neglect,2.6,School,2,1,1,0,1,3.0,0,0,1,0,0.8,0.617
2021,Child,7-12 years,Male,Neglect,2.6,Police,6,0,1,0,1,3.7,0,0,0,0,0.4,0.717
2021,Child,0-6 years,Male,Physical Abuse,2.6,Hospital,3,0,1,1,0,5.0,1,1,0,0,0.2,0.657
2021,Child,0-6 years,Male,Neglect,2.6,School,4,1,1,0,1,3.7,1,1,1,0,0.8,0.717
2021,Child,7-12 years,Male,Physical Abuse,2.6,Social Service,6,0,1,1,0,3.8,0,0,0,0,0.4,0.807
2021,Child,7-12 years,Male,Emotional & Psychological Abuse,2.6,School,4,1,1,0,0,2.6,0,0,1,0,0.8,0.747
2021,Child,0-6 years,Male,Physical Abuse,2.6,Hospital,3,0,1,1,0,5.0,1,1,0,0,0.2,0.657
2021,Child,7-12 years,Male,Emotional & Psychological Abuse,2.6,School,4,1,1,0,0,2.4,0,0,1,0,0.8,0.747
2021,Child,7-12 years,Male,Physical Abuse,2.6,Hospital,2,1,1,1,0,4.8,1,1,1,0,0.8,0.707
2021,Child,0-6 years,Male,Physical Abuse,2.6,School,2,1,1,1,0,4.7,1,1,1,0,0.8,0.707
2021,Child,0-6 years,Male,Neglect,2.6,School,4,0,1,0,1,3.3,0,0,0,0,0.2,0.617
2021,Child,13-16 years,Male,Sexual Abuse,2.6,Police,4,1,1,0,0,5.0,1,1,1,0,0.8,0.867
2021,Child,13-16 years,Male,Physical Abuse,2.6,Hospital,5,0,1,1,0,4.7,1,1,0,0,0.4,0.757
2021,Child,13-16 years,Male,Emotional & Psychological Abuse,2.6,School,6,1,1,0,0,2.7,1,1,1,0,1.0,0.847
2021,Child,0-6 years,Male,Neglect,2.6,School,5,0,1,0,1,3.7,1,1,0,0,0.4,0.667
2021,Child,7-12 years,Male,Neglect,2.6,Hospital,2,1,1,0,1,4.0,1,1,1,0,0.8,0.617
2021,Child,0-6 years,Male,Physical Abuse,2.6,School,4,0,1,1,0,4.5,1,1,0,0,0.2,0.707
2021,Child,7-12 years,Male,Sexual Abuse,2.6,School,2,1,1,0,0,4.6,1,1,1,0,0.8,0.767
2021,Child,7-12 years,Male,Sexual Abuse,2.6,Police,4,0,1,0,0,5.0,1,1,0,0,0.2,0.767
2021,Child,7-12 years,Male,Physical Abuse,2.6,Social Service,2,0,1,1,0,3.9,1,0,0,0,0.2,0.607
2021,Child,13-16 years,Male,Neglect,2.6,Police,5,0,1,0,1,3.9,1,1,0,0,0.4,0.667
2021,Child,0-6 years,Male,Sexual Abuse,2.6,School,2,0,1,0,0,4.8,1,0,0,0,0.2,0.667
2021,Child,13-16 years,Male,Emotional & Psychological Abuse,2.6,Police,4,0,1,0,0,3.3,0,0,0,0,0.2,0.647
2021,Child,7-12 years,Male,Neglect,2.6,Hospital,2,1,1,0,1,3.7,0,0,1,0,0.8,0.617
2021,Child,0-6 years,Male,Emotional & Psychological Abuse,2.6,Police,6,0,1,0,0,3.6,0,0,0,0,0.4,0.747
2021,Child,0-6 years,Male,Physical Abuse,2.6,School,5,1,1,1,0,4.3,1,0,1,0,1.0,0.857
2021,Child,0-6 years,Male,Physical Abuse,2.6,School,4,0,1,1,0,4.6,1,0,0,0,0.2,0.707
2021,Child,17-18 years,Male,Neglect,2.6,Hospital,6,0,1,0,1,3.2,0,0,0,0,0.4,0.717
2021,Child,7-12 years,Male,Sexual Abuse,2.6,School,2,0,1,0,0,4.6,1,1,0,0,0.2,0.667
2021,Child,7-12 years,Male,Physical Abuse,2.6,Social Service,6,0,1,1,0,3.8,0,0,0,0,0.4,0.807
2021,Child,7-12 years,Male,Physical Abuse,2.6,Police,6,0,1,1,0,4.7,1,0,0,0,0.4,0.807
2021,Child,7-12 years,Male,Physical Abuse,2.6,Hospital,3,1,1,1,0,4.8,1,1,1,0,0.8,0.757
2021,Child,7-12 years,Male,Sexual Abuse,2.6,Hospital,5,1,1,0,0,5.0,1,1,1,0,1.0,0.917
2021,Child,7-12 years,Male,Physical Abuse,2.6,School,3,1,1,1,0,3.9,1,0,1,0,0.8,0.757
2021,Child,13-16 years,Male,Sexual Abuse,2.6,School,2,0,1,0,0,4.6,1,1,0,0,0.2,0.667
2021,Child,7-12 years,Male,Physical Abuse,2.6,Social Service,2,0,1,1,0,4.2,1,1,0,0,0.2,0.607
2021,Child,13-16 years,Male,Emotional & Psychological Abuse,2.6,School,3,0,1,0,0,2.5,0,0,0,0,0.2,0.597
2021,Child,0-6 years,Male,Neglect,2.6,School,2,1,1,0,1,3.4,1,0,1,0,0.8,0.617
2021,Child,7-12 years,Male,Physical Abuse,2.6,Hospital,3,1,1,1,0,4.6,0,0,1,0,0.8,0.757
2021,Child,7-12 years,Male,Physical Abuse,2.6,Police,6,0,1,1,0,4.9,1,1,0,0,0.4,0.807
2021,Child,7-12 years,Male,Neglect,2.6,School,2,1,1,0,1,2.8,0,0,1,0,0.8,0.617
2021,Child,0-6 years,Male,Physical Abuse,2.6,Police,3,0,1,1,0,5.0,1,1,0,0,0.2,0.657
2021,Child,0-6 years,Male,Physical Abuse,2.6,Police,6,0,1,1,0,5.0,1,0,0,0,0.4,0.807
2021,Child,7-12 years,Male,Emotional & Psychological Abuse,2.6,School,3,0,1,0,0,2.7,0,0,0,0,0.2,0.597
2021,Child,7-12 years,Female,Sexual Abuse,2.6,Hospital,6,1,1,0,0,5.0,1,1,1,0,1.0,0.967
2021,Child,7-12 years,Female,Sexual Abuse,2.6,Social Service,4,0,1,0,0,4.7,1,1,0,0,0.2,0.767
2021,Child,0-6 years,Female,Physical Abuse,2.6,Social Service,2,0,1,1,0,4.4,1,0,0,0,0.2,0.607
2021,Child,0-6 years,Female,Physical Abuse,2.6,School,4,0,1,1,0,4.6,1,0,0,0,0.2,0.707
2021,Child,13-16 years,Female,Neglect,2.6,Hospital,4,1,1,0,1,3.8,1,1,1,0,0.8,0.717
2021,Child,0-6 years,Female,Physical Abuse,2.6,Social Service,3,0,1,1,0,4.5,1,0,0,0,0.2,0.657
2021,Child,0-6 years,Female,Neglect,2.6,Hospital,2,0,1,0,1,4.4,1,1,0,0,0.2,0.517
2021,Child,0-6 years,Female,Emotional & Psychological Abuse,2.6,Hospital,3,1,1,0,0,3.9,1,1,1,0,0.8,0.697
2021,Child,0-6 years,Female,Neglect,2.6,Hospital,2,0,1,0,1,4.5,1,1,0,0,0.2,0.517
2021,Child,0-6 years,Female,Physical Abuse,2.6,School,6,0,1,1,0,4.6,1,1,0,0,0.4,0.807
2021,Child,7-12 years,Female,Emotional & Psychological Abuse,2.6,School,6,1,1,0,0,2.5,0,0,1,0,1.0,0.847
2021,Child,7-12 years,Female,Physical Abuse,2.6,Social Service,3,0,1,1,0,4.0,1,1,0,0,0.2,0.657
2021,Child,7-12 years,Female,Neglect,2.6,Police,2,0,1,0,1,3.9,0,0,0,0,0.2,0.517
2021,Child,7-12 years,Female,Sexual Abuse,2.6,School,5,0,1,0,0,4.4,1,1,0,0,0.4,0.817
2021,Child,13-16 years,Female,Sexual Abuse,2.6,School,4,0,1,0,0,4.3,1,1,0,0,0.2,0.767
2021,Child,0-6 years,Female,Physical Abuse,2.6,Police,4,1,1,1,0,5.0,1,0,1,0,0.8,0.807
2021,Child,0-6 years,Female,Physical Abuse,2.6,School,5,0,1,1,0,4.4,1,1,0,0,0.4,0.757
2021,Child,7-12 years,Female,Physical Abuse,2.6,Social Service,6,0,1,1,0,3.9,0,0,0,0,0.4,0.807
2021,Child,7-12 years,Female,Neglect,2.6,School,4,1,1,0,1,2.9,1,1,1,0,0.8,0.717
2021,Child,13-16 years,Female,Emotional & Psychological Abuse,2.6,Hospital,5,1,1,0,0,3.1,0,0,1,0,1.0,0.797
2021,Child,13-16 years,Female,Physical Abuse,2.6,Police,4,1,1,1,0,4.6,0,0,1,0,0.8,0.807
2021,Child,0-6 years,Female,Neglect,2.6,Social Service,2,1,1,0,1,3.7,1,1,1,0,0.8,0.617
2021,Child,7-12 years,Female,Emotional & Psychological Abuse,2.6,School,5,0,1,0,0,2.5,0,0,0,0,0.4,0.697
2021,Child,0-6 years,Female,Physical Abuse,2.6,School,5,0,1,1,0,4.5,0,0,0,0,0.4,0.757
2021,Child,0-6 years,Female,Physical Abuse,2.6,School,5,0,1,1,0,4.6,1,1,0,0,0.4,0.757
2021,Child,17-18 years,Female,Neglect,2.6,Social Service,6,0,1,0,1,2.4,0,0,0,0,0.4,0.717
2021,Child,7-12 years,Female,Neglect,2.6,School,5,0,1,0,1,3.2,1,1,0,0,0.4,0.667
2021,Child,7-12 years,Female,Physical Abuse,2.6,Hospital,6,1,1,1,0,4.9,1,1,1,0,1.0,0.907
2021,Child,7-12 years,Female,Sexual Abuse,2.6,Police,6,0,1,0,0,5.0,1,1,0,0,0.4,0.867
2021,Child,0-6 years,Female,Physical Abuse,2.6,Hospital,4,0,1,1,0,5.0,1,1,0,0,0.2,0.707
2021,Child,7-12 years,Female,Neglect,2.6,Police,4,0,1,0,1,4.0,1,1,0,0,0.2,0.617
2021,Child,13-16 years,Female,Sexual Abuse,2.6,School,4,0,1,0,0,4.7,1,1,0,0,0.2,0.767
2021,Child,7-12 years,Female,Sexual Abuse,2.6,Police,4,0,1,0,0,5.0,1,1,0,0,0.2,0.767
2021,Child,13-16 years,Female,Sexual Abuse,2.6,School,3,0,1,0,0,4.5,1,1,0,0,0.2,0.717
2021,Child,13-16 years,Female,Neglect,2.6,Social Service,2,1,1,0,1,2.9,0,0,1,0,0.8,0.617
2021,Child,0-6 years,Female,Neglect,2.6,School,4,0,1,0,1,3.7,1,1,0,0,0.2,0.617
2021,Child,7-12 years,Female,Physical Abuse,2.6,Social Service,5,0,1,1,0,3.9,1,0,0,0,0.4,0.757
2021,Child,0-6 years,Female,Physical Abuse,2.6,Social Service,6,0,1,1,0,4.7,1,1,0,0,0.4,0.807
2021,Child,13-16 years,Female,Neglect,2.6,School,5,1,1,0,1,3.1,0,0,1,0,1.0,0.767
2021,Child,0-6 years,Female,Physical Abuse,2.6,School,6,1,1,1,0,4.5,1,1,1,0,1.0,0.907
2021,Child,7-12 years,Female,Physical Abuse,2.6,Hospital,6,0,1,1,0,4.8,1,0,0,0,0.4,0.807
2021,Child,13-16 years,Female,Neglect,2.6,School,5,1,1,0,1,2.9,0,0,1,0,1.0,0.767
2021,Child,13-16 years,Female,Physical Abuse,2.6,School,6,0,1,1,0,3.9,1,0,0,0,0.4,0.807
2021,Child,13-16 years,Female,Neglect,2.6,Social Service,2,0,1,0,1,2.9,1,1,0,0,0.2,0.517
2021,Child,7-12 years,Female,Sexual Abuse,2.6,Police,6,1,1,0,0,5.0,1,0,1,0,1.0,0.967
2021,Child,13-16 years,Female,Emotional & Psychological Abuse,2.6,Social Service,5,0,1,0,0,2.6,0,0,0,0,0.4,0.697
2021,Child,0-6 years,Female,Sexual Abuse,2.6,Police,3,0,1,0,0,5.0,1,0,0,0,0.2,0.717
2021,Child,13-16 years,Female,Sexual Abuse,2.6,School,5,0,1,0,0,4.3,0,0,0,0,0.4,0.817
2021,Child,7-12 years,Female,Emotional & Psychological Abuse,2.6,Social Service,6,0,1,0,0,2.7,1,1,0,0,0.4,0.747
2021,Child,7-12 years,Female,Physical Abuse,2.6,Police,4,0,1,1,0,5.0,1,1,0,0,0.2,0.707
2021,Child,17-18 years,Female,Neglect,2.6,School,4,1,1,0,1,2.7,1,1,1,0,0.8,0.717
2021,Child,0-6 years,Female,Neglect,2.6,Social Service,4,1,1,0,1,3.7,1,1,1,0,0.8,0.717
2021,Child,0-6 years,Female,Neglect,2.6,Police,6,1,1,0,1,4.2,0,0,1,0,1.0,0.817
2021,Child,13-16 years,Female,Neglect,2.6,Police,6,0,1,0,1,3.8,0,0,0,0,0.4,0.717
2021,Child,7-12 years,Female,Sexual Abuse,2.6,Social Service,6,0,1,0,0,4.6,1,1,0,0,0.4,0.867
2021,Child,0-6 years,Female,Sexual Abuse,2.6,School,5,0,1,0,0,5.0,1,1,0,0,0.4,0.817
2021,Child,13-16 years,Female,Physical Abuse,2.6,School,3,0,1,1,0,3.9,1,0,0,0,0.2,0.657
2021,Child,13-16 years,Female,Physical Abuse,2.6,School,6,0,1,1,0,4.1,1,1,0,0,0.4,0.807
2021,Child,7-12 years,Female,Sexual Abuse,2.6,School,4,0,1,0,0,4.4,0,0,0,0,0.2,0.767
2021,Child,13-16 years,Female,Physical Abuse,2.6,Police,4,1,1,1,0,4.7,1,1,1,0,0.8,0.807
2021,Child,0-6 years,Female,Physical Abuse,2.6,Social Service,4,0,1,1,0,4.5,1,1,0,0,0.2,0.707
2021,Child,13-16 years,Female,Sexual Abuse,2.6,Police,6,0,1,0,0,5.0,1,1,0,0,0.4,0.867
2021,Child,7-12 years,Female,Physical Abuse,2.6,School,2,0,1,1,0,4.0,1,1,0,0,0.2,0.607
2021,Child,0-6 years,Female,Sexual Abuse,2.6,Hospital,5,0,1,0,0,5.0,1,1,0,0,0.4,0.817
2021,Child,0-6 years,Female,Sexual Abuse,2.6,Social Service,6,0,1,0,0,5.0,1,1,0,0,0.4,0.867
2021,Child,7-12 years,Female,Neglect,2.6,Police,2,0,1,0,1,3.7,0,0,0,0,0.2,0.517
2021,Child,13-16 years,Female,Physical Abuse,2.6,Hospital,2,0,1,1,0,4.7,1,0,0,0,0.2,0.607
2021,Child,13-16 years,Female,Emotional & Psychological Abuse,2.6,School,4,0,1,0,0,2.7,1,1,0,0,0.2,0.647
2021,Child,7-12 years,Female,Sexual Abuse,2.6,School,2,0,1,0,0,4.7,1,1,0,0,0.2,0.667
2021,Child,0-6 years,Female,Physical Abuse,2.6,Police,5,0,1,1,0,5.0,1,1,0,0,0.4,0.757
2021,Child,0-6 years,Female,Physical Abuse,2.6,Police,3,1,1,1,0,5.0,1,1,1,0,0.8,0.757
2021,Child,0-6 years,Female,Emotional & Psychological Abuse,2.6,School,3,0,1,0,0,3.1,0,0,0,0,0.2,0.597
2021,Child,7-12 years,Female,Neglect,2.6,School,4,0,1,0,1,3.0,0,0,0,0,0.2,0.617
2021,Child,13-16 years,Female,Neglect,2.6,Police,4,0,1,0,1,3.6,0,0,0,0,0.2,0.617
2021,Child,13-16 years,Female,Emotional & Psychological Abuse,2.6,Hospital,5,0,1,0,0,3.3,0,0,0,0,0.4,0.697
2021,Child,7-12 years,Female,Neglect,2.6,Police,2,0,1,0,1,3.7,0,0,0,0,0.2,0.517
2021,Child,0-6 years,Female,Physical Abuse,2.6,Hospital,6,0,1,1,0,5.0,1,1,0,0,0.4,0.807
2021,Child,0-6 years,Female,Neglect,2.6,Police,6,0,1,0,1,4.4,1,1,0,0,0.4,0.717
2021,Child,0-6 years,Female,Neglect,2.6,Police,4,1,1,0,1,4.3,1,0,1,0,0.8,0.717
2021,Child,7-12 years,Female,Emotional & Psychological Abuse,2.6,School,2,0,1,0,0,2.3,0,0,0,0,0.2,0.547
2021,Child,7-12 years,Female,Physical Abuse,2.6,Police,5,0,1,1,0,4.7,1,1,0,0,0.4,0.757
2021,Child,7-12 years,Female,Emotional & Psychological Abuse,2.6,Social Service,4,0,1,0,0,2.6,0,0,0,0,0.2,0.647
2021,Child,0-6 years,Female,Physical Abuse,2.6,Police,2,1,1,1,0,5.0,1,0,1,0,0.8,0.707
2021,Child,17-18 years,Female,Neglect,2.6,Social Service,5,0,1,0,1,2.6,1,0,0,0,0.4,0.667
2021,Child,13-16 years,Female,Physical Abuse,2.6,School,5,0,1,1,0,4.0,1,1,0,0,0.4,0.757
2021,Child,0-6 years,Female,Physical Abuse,2.6,Police,3,0,1,1,0,5.0,1,0,0,0,0.2,0.657
2021,Child,13-16 years,Female,Sexual Abuse,2.6,School,4,0,1,0,0,4.5,1,0,0,0,0.2,0.767
2021,Child,0-6 years,Female,Sexual Abuse,2.6,Social Service,3,1,1,0,0,5.0,1,1,1,0,0.8,0.817
2021,Child,13-16 years,Female,Sexual Abuse,2.6,School,6,1,1,0,0,4.4,1,1,1,0,1.0,0.967
2021,Child,7-12 years,Female,Physical Abuse,2.6,School,2,1,1,1,0,4.1,1,0,1,0,0.8,0.707
2021,Child,7-12 years,Female,Sexual Abuse,2.6,Social Service,5,0,1,0,0,4.5,1,1,0,0,0.4,0.817
2021,Child,17-18 years,Female,Neglect,2.6,Social Service,5,1,1,0,1,2.4,0,0,1,0,1.0,0.767
2021,Child,13-16 years,Female,Emotional & Psychological Abuse,2.6,School,2,0,1,0,0,2.7,0,0,0,0,0.2,0.547
2021,Child,13-16 years,Female,Sexual Abuse,2.6,Social Service,3,0,1,0,0,4.6,1,1,0,0,0.2,0.717
2021,Child,7-12 years,Female,Neglect,2.6,Social Service,2,0,1,0,1,3.1,0,0,0,0,0.2,0.517
2021,Child,7-12 years,Female,Physical Abuse,2.6,Police,2,0,1,1,0,4.9,1,1,0,0,0.2,0.607
2021,Child,0-6 years,Female,Physical Abuse,2.6,School,2,1,1,1,0,4.6,1,1,1,0,0.8,0.707
2021,Child,13-16 years,Female,Emotional & Psychological Abuse,2.6,Police,6,0,1,0,0,3.4,0,0,0,0,0.4,0.747
2021,Child,0-6 years,Female,Neglect,2.6,School,2,0,1,0,1,3.6,1,1,0,0,0.2,0.517
2021,Child,0-6 years,Female,Physical Abuse,2.6,Police,5,1,1,1,0,5.0,1,0,1,0,1.0,0.857
2021,Child,7-12 years,Female,Physical Abuse,2.6,School,6,0,1,1,0,4.1,1,1,0,0,0.4,0.807
2021,Child,0-6 years,Female,Neglect,2.6,Police,5,0,1,0,1,4.3,0,0,0,0,0.4,0.667
2021,Child,0-6 years,Female,Physical Abuse,2.6,School,6,0,1,1,0,4.6,1,0,0,0,0.4,0.807
2021,Child,13-16 years,Female,Sexual Abuse,2.6,School,2,0,1,0,0,4.4,1,0,0,0,0.2,0.667
2021,Child,0-6 years,Female,Physical Abuse,2.6,Police,3,0,1,1,0,5.0,1,1,0,0,0.2,0.657
2021,Child,7-12 years,Female,Physical Abuse,2.6,Police,2,0,1,1,0,4.9,1,1,0,0,0.2,0.607
2021,Child,13-16 years,Female,Sexual Abuse,2.6,School,2,0,1,0,0,4.3,1,0,0,0,0.2,0.667
2021,Child,13-16 years,Female,Neglect,2.6,Police,2,0,1,0,1,3.9,1,0,0,0,0.2,0.517
2021,Child,0-6 years,Female,Neglect,2.6,Hospital,5,0,1,0,1,4.2,0,0,0,0,0.4,0.667
2021,Child,7-12 years,Female,Sexual Abuse,2.6,School,2,1,1,0,0,4.4,1,0,1,0,0.8,0.767
2021,Child,7-12 years,Female,Sexual Abuse,2.6,Social Service,4,1,1,0,0,4.6,1,1,1,0,0.8,0.867
2021,Child,13-16 years,Female,Neglect,2.6,Police,5,0,1,0,1,3.7,0,0,0,0,0.4,0.667
2021,Child,7-12 years,Female,Physical Abuse,2.6,Police,5,1,1,1,0,4.9,1,1,1,0,1.0,0.857
2021,Child,0-6 years,Female,Physical Abuse,2.6,School,3,0,1,1,0,4.6,1,1,0,0,0.2,0.657
2021,Child,7-12 years,Female,Physical Abuse,2.6,School,5,0,1,1,0,4.0,1,1,0,0,0.4,0.757
2021,Child,0-6 years,Female,Physical Abuse,2.6,School,2,0,1,1,0,4.3,0,0,0,0,0.2,0.607
2021,Child,13-16 years,Female,Physical Abuse,2.6,School,6,0,1,1,0,3.9,1,1,0,0,0.4,0.807
2021,Child,0-6 years,Female,Neglect,2.6,Social Service,5,0,1,0,1,3.5,1,0,0,0,0.4,0.667
2021,Child,13-16 years,Female,Physical Abuse,2.6,School,5,1,1,1,0,4.2,1,1,1,0,1.0,0.857
2021,Child,13-16 years,Female,Neglect,2.6,Police,2,0,1,0,1,3.9,0,0,0,0,0.2,0.517
2021,Child,13-16 years,Female,Neglect,2.6,School,5,1,1,0,1,2.9,1,0,1,0,1.0,0.767
2021,Child,13-16 years,Female,Sexual Abuse,2.6,Hospital,3,1,1,0,0,5.0,1,1,1,0,0.8,0.817
2021,Child,7-12 years,Female,Physical Abuse,2.6,Hospital,2,0,1,1,0,4.8,1,1,0,0,0.2,0.607
2022,Child,0-6 years,Male,Emotional & Psychological Abuse,2.5,School,3,1,1,0,0,3.1,0,0,1,0,0.8,0.688
2022,Child,0-6 years,Male,Emotional & Psychological Abuse,2.5,School,3,0,1,0,0,2.8,1,1,0,0,0.2,0.588
2022,Child,0-6 years,Male,Neglect,2.5,Police,6,0,1,0,1,4.4,1,1,0,0,0.4,0.708
2022,Child,13-16 years,Male,Sexual Abuse,2.5,School,4,0,1,0,0,4.5,1,0,0,0,0.2,0.758
2022,Child,13-16 years,Male,Physical Abuse,2.5,Police,3,0,1,1,0,5.0,1,1,0,0,0.2,0.648
2022,Child,13-16 years,Male,Physical Abuse,2.5,Police,4,1,1,1,0,4.7,1,0,1,0,0.8,0.798
2022,Child,7-12 years,Male,Emotional & Psychological Abuse,2.5,Police,2,0,1,0,0,3.4,0,0,0,0,0.2,0.538
2022,Child,0-6 years,Male,Emotional & Psychological Abuse,2.5,School,3,1,1,0,0,3.2,1,1,1,0,0.8,0.688
2022,Child,13-16 years,Male,Sexual Abuse,2.5,Social Service,2,0,1,0,0,4.3,1,1,0,0,0.2,0.658
2022,Child,0-6 years,Male,Neglect,2.5,Hospital,2,0,1,0,1,4.5,1,1,0,0,0.2,0.508
2022,Child,0-6 years,Male,Neglect,2.5,School,2,0,1,0,1,3.6,0,0,0,0,0.2,0.508
2022,Child,0-6 years,Male,Neglect,2.5,School,2,0,1,0,1,3.3,0,0,0,0,0.2,0.508
2022,Child,13-16 years,Male,Emotional & Psychological Abuse,2.5,School,4,1,1,0,0,2.4,0,0,1,0,0.8,0.738
2022,Child,13-16 years,Male,Physical Abuse,2.5,School,4,1,1,1,0,4.1,1,0,1,0,0.8,0.798
2022,Child,17-18 years,Male,Physical Abuse,2.5,Police,4,1,1,1,0,4.1,1,0,1,0,0.8,0.798
2022,Child,13-16 years,Male,Emotional & Psychological Abuse,2.5,Police,2,0,1,0,0,3.3,0,0,0,0,0.2,0.538
2022,Child,13-16 years,Male,Neglect,2.5,Social Service,6,0,1,0,1,2.9,1,1,0,0,0.4,0.708
2022,Child,17-18 years,Male,Sexual Abuse,2.5,School,2,0,1,0,0,4.0,1,1,0,0,0.2,0.658
2022,Child,13-16 years,Male,Emotional & Psychological Abuse,2.5,Police,5,0,1,0,0,3.1,0,0,0,0,0.4,0.688
2022,Child,0-6 years,Male,Physical Abuse,2.5,Hospital,2,0,1,1,0,5.0,1,1,0,0,0.2,0.598
2022,Child,13-16 years,Male,Emotional & Psychological Abuse,2.5,School,4,1,1,0,0,2.7,0,0,1,0,0.8,0.738
2022,Child,7-12 years,Male,Physical Abuse,2.5,School,3,0,1,1,0,4.2,1,1,0,0,0.2,0.648
2022,Child,13-16 years,Male,Neglect,2.5,Hospital,3,0,1,0,1,3.9,0,0,0,0,0.2,0.558
2022,Child,0-6 years,Male,Physical Abuse,2.5,Hospital,2,0,1,1,0,5.0,0,0,0,0,0.2,0.598
2022,Child,7-12 years,Male,Sexual Abuse,2.5,School,4,0,1,0,0,4.6,1,1,0,0,0.2,0.758
2022,Child,7-12 years,Male,Sexual Abuse,2.5,Social Service,2,1,1,0,0,4.3,0,0,1,0,0.8,0.758
2022,Child,7-12 years,Male,Emotional & Psychological Abuse,2.5,Police,2,0,1,0,0,3.1,0,0,0,0,0.2,0.538
2022,Child,0-6 years,Male,Emotional & Psychological Abuse,2.5,School,5,1,1,0,0,2.9,0,0,1,0,1.0,0.788
2022,Child,7-12 years,Male,Sexual Abuse,2.5,School,6,0,1,0,0,4.5,1,1,0,0,0.4,0.858
2022,Child,13-16 years,Male,Physical Abuse,2.5,Social Service,5,0,1,1,0,4.1,1,1,0,0,0.4,0.748
2022,Child,17-18 years,Male,Sexual Abuse,2.5,School,2,0,1,0,0,4.1,1,1,0,0,0.2,0.658
2022,Child,13-16 years,Male,Emotional & Psychological Abuse,2.5,School,6,0,1,0,0,2.5,0,0,0,0,0.4,0.738
2022,Child,13-16 years,Male,Physical Abuse,2.5,Police,4,0,1,1,0,4.7,0,0,0,0,0.2,0.698
2022,Child,0-6 years,Male,Physical Abuse,2.5,School,6,0,1,1,0,4.7,1,1,0,0,0.4,0.798
2022,Child,7-12 years,Male,Emotional & Psychological Abuse,2.5,School,6,0,1,0,0,2.5,0,0,0,0,0.4,0.738
2022,Child,0-6 years,Male,Physical Abuse,2.5,School,6,0,1,1,0,4.5,0,0,0,0,0.4,0.798
2022,Child,13-16 years,Male,Physical Abuse,2.5,School,2,0,1,1,0,3.9,1,0,0,0,0.2,0.598
2022,Child,7-12 years,Male,Sexual Abuse,2.5,Social Service,2,1,1,0,0,4.6,1,1,1,0,0.8,0.758
2022,Child,0-6 years,Male,Physical Abuse,2.5,School,4,0,1,1,0,4.6,1,1,0,0,0.2,0.698
2022,Child,13-16 years,Male,Sexual Abuse,2.5,School,4,0,1,0,0,4.4,1,1,0,0,0.2,0.758
2022,Child,0-6 years,Male,Physical Abuse,2.5,School,6,0,1,1,0,4.3,0,0,0,0,0.4,0.798
2022,Child,0-6 years,Male,Physical Abuse,2.5,School,6,0,1,1,0,4.6,1,0,0,0,0.4,0.798
2022,Child,7-12 years,Male,Physical Abuse,2.5,Social Service,6,0,1,1,0,4.1,1,1,0,0,0.4,0.798
2022,Child,0-6 years,Male,Physical Abuse,2.5,School,6,0,1,1,0,4.4,1,1,0,0,0.4,0.798
2022,Child,0-6 years,Male,Physical Abuse,2.5,Police,5,1,1,1,0,5.0,1,1,1,0,1.0,0.848
2022,Child,13-16 years,Male,Sexual Abuse,2.5,Police,3,0,1,0,0,5.0,1,0,0,0,0.2,0.708
2022,Child,7-12 years,Male,Sexual Abuse,2.5,School,4,0,1,0,0,4.5,1,1,0,0,0.2,0.758
2022,Child,13-16 years,Male,Neglect,2.5,Social Service,6,0,1,0,1,3.2,1,1,0,0,0.4,0.708
2022,Child,13-16 years,Male,Sexual Abuse,2.5,School,3,1,1,0,0,4.5,1,1,1,0,0.8,0.808
2022,Child,0-6 years,Male,Physical Abuse,2.5,Police,5,1,1,1,0,5.0,1,1,1,0,1.0,0.848
2022,Child,7-12 years,Male,Emotional & Psychological Abuse,2.5,Police,4,0,1,0,0,3.3,0,0,0,0,0.2,0.638
2022,Child,7-12 years,Male,Emotional & Psychological Abuse,2.5,Police,2,0,1,0,0,3.2,0,0,0,0,0.2,0.538
2022,Child,7-12 years,Male,Physical Abuse,2.5,Police,4,0,1,1,0,5.0,1,1,0,0,0.2,0.698
2022,Child,7-12 years,Male,Neglect,2.5,School,5,0,1,0,1,3.0,0,0,0,0,0.4,0.658
2022,Child,13-16 years,Male,Neglect,2.5,School,6,0,1,0,1,3.2,1,0,0,0,0.4,0.708
2022,Child,0-6 years,Male,Emotional & Psychological Abuse,2.5,Hospital,5,0,1,0,0,3.7,0,0,0,0,0.4,0.688
2022,Child,13-16 years,Male,Emotional & Psychological Abuse,2.5,School,6,0,1,0,0,2.4,0,0,0,0,0.4,0.738
2022,Child,7-12 years,Male,Sexual Abuse,2.5,Social Service,2,1,1,0,0,4.3,1,0,1,0,0.8,0.758
2022,Child,7-12 years,Male,Physical Abuse,2.5,Police,5,0,1,1,0,4.9,1,1,0,0,0.4,0.748
2022,Child,7-12 years,Male,Emotional & Psychological Abuse,2.5,Social Service,2,1,1,0,0,2.4,1,0,1,0,0.8,0.638
2022,Child,0-6 years,Male,Neglect,2.5,Hospital,4,0,1,0,1,4.4,1,1,0,0,0.2,0.608
2022,Child,13-16 years,Male,Emotional & Psychological Abuse,2.5,Police,5,0,1,0,0,3.3,0,0,0,0,0.4,0.688
2022,Child,0-6 years,Male,Physical Abuse,2.5,Hospital,2,0,1,1,0,5.0,1,1,0,0,0.2,0.598
2022,Child,17-18 years,Male,Neglect,2.5,Social Service,4,1,1,0,1,2.4,0,0,1,0,0.8,0.708
2022,Child,13-16 years,Male,Physical Abuse,2.5,School,2,0,1,1,0,4.1,1,1,0,0,0.2,0.598
2022,Child,7-12 years,Male,Sexual Abuse,2.5,Social Service,2,1,1,0,0,4.6,1,1,1,0,0.8,0.758
2022,Child,0-6 years,Male,Emotional & Psychological Abuse,2.5,School,2,1,1,0,0,3.1,0,0,1,0,0.8,0.638
2022,Child,13-16 years,Male,Sexual Abuse,2.5,Hospital,5,1,1,0,0,5.0,1,1,1,0,1.0,0.908
2022,Child,7-12 years,Male,Neglect,2.5,School,3,0,1,0,1,3.1,1,1,0,0,0.2,0.558
2022,Child,7-12 years,Male,Physical Abuse,2.5,Social Service,6,0,1,1,0,4.1,1,0,0,0,0.4,0.798
2022,Child,0-6 years,Male,Physical Abuse,2.5,Social Service,5,0,1,1,0,4.4,1,0,0,0,0.4,0.748
2022,Child,13-16 years,Male,Neglect,2.5,Police,4,0,1,0,1,3.6,0,0,0,0,0.2,0.608
2022,Child,7-12 years,Male,Physical Abuse,2.5,Hospital,2,0,1,1,0,5.0,1,1,0,0,0.2,0.598
2022,Child,0-6 years,Male,Physical Abuse,2.5,School,2,1,1,1,0,4.5,1,1,1,0,0.8,0.698
2022,Child,0-6 years,Male,Neglect,2.5,School,2,0,1,0,1,3.6,0,0,0,0,0.2,0.508
2022,Child,17-18 years,Male,Physical Abuse,2.5,Police,4,1,1,1,0,4.3,1,1,1,0,0.8,0.798
2022,Child,0-6 years,Male,Emotional & Psychological Abuse,2.5,Hospital,5,0,1,0,0,3.6,1,1,0,0,0.4,0.688
2022,Child,0-6 years,Male,Physical Abuse,2.5,Hospital,2,0,1,1,0,5.0,1,1,0,0,0.2,0.598
2022,Child,13-16 years,Male,Neglect,2.5,School,6,1,1,0,1,3.1,1,1,1,0,1.0,0.808
2022,Child,13-16 years,Male,Sexual Abuse,2.5,School,2,0,1,0,0,4.5,1,1,0,0,0.2,0.658
2022,Child,0-6 years,Male,Emotional & Psychological Abuse,2.5,Hospital,5,0,1,0,0,3.7,0,0,0,0,0.4,0.688
2022,Child,13-16 years,Male,Sexual Abuse,2.5,School,2,0,1,0,0,4.5,1,1,0,0,0.2,0.658
2022,Child,0-6 years,Male,Neglect,2.5,Police,6,0,1,0,1,4.1,0,0,0,0,0.4,0.708
2022,Child,0-6 years,Male,Physical Abuse,2.5,Police,2,1,1,1,0,5.0,1,1,1,0,0.8,0.698
2022,Child,13-16 years,Male,Neglect,2.5,School,6,0,1,0,1,2.9,0,0,0,0,0.4,0.708
2022,Child,0-6 years,Male,Neglect,2.5,Hospital,4,0,1,0,1,4.4,0,0,0,0,0.2,0.608
2022,Child,13-16 years,Male,Sexual Abuse,2.5,Hospital,5,1,1,0,0,5.0,1,1,1,0,1.0,0.908
2022,Child,7-12 years,Male,Sexual Abuse,2.5,Police,4,0,1,0,0,5.0,1,1,0,0,0.2,0.758
2022,Child,7-12 years,Male,Emotional & Psychological Abuse,2.5,Social Service,3,0,1,0,0,2.3,0,0,0,0,0.2,0.588
2022,Child,0-6 years,Male,Physical Abuse,2.5,School,6,0,1,1,0,4.3,1,1,0,0,0.4,0.798
2022,Child,13-16 years,Male,Physical Abuse,2.5,School,4,1,1,1,0,4.0,1,0,1,0,0.8,0.798
2022,Child,7-12 years,Male,Physical Abuse,2.5,Police,5,0,1,1,0,4.8,1,1,0,0,0.4,0.748
2022,Child,0-6 years,Male,Physical Abuse,2.5,School,6,0,1,1,0,4.5,1,0,0,0,0.4,0.798
2022,Child,7-12 years,Male,Neglect,2.5,Social Service,6,0,1,0,1,2.9,0,0,0,0,0.4,0.708
2022,Child,13-16 years,Male,Sexual Abuse,2.5,School,4,0,1,0,0,4.6,1,1,0,0,0.2,0.758
2022,Child,13-16 years,Male,Physical Abuse,2.5,Police,3,0,1,1,0,4.9,1,1,0,0,0.2,0.648
2022,Child,13-16 years,Male,Neglect,2.5,Police,4,0,1,0,1,3.9,0,0,0,0,0.2,0.608
2022,Child,0-6 years,Male,Neglect,2.5,Hospital,2,0,1,0,1,4.1,0,0,0,0,0.2,0.508
2022,Child,0-6 years,Male,Physical Abuse,2.5,School,6,0,1,1,0,4.5,1,0,0,0,0.4,0.798
2022,Child,0-6 years,Male,Physical Abuse,2.5,Social Service,3,0,1,1,0,4.3,1,0,0,0,0.2,0.648
2022,Child,7-12 years,Male,Physical Abuse,2.5,School,2,0,1,1,0,3.9,0,0,0,0,0.2,0.598
2022,Child,0-6 years,Male,Physical Abuse,2.5,School,4,0,1,1,0,4.7,1,1,0,0,0.2,0.698
2022,Child,7-12 years,Male,Physical Abuse,2.5,Police,3,0,1,1,0,4.7,1,1,0,0,0.2,0.648
2022,Child,13-16 years,Male,Emotional & Psychological Abuse,2.5,Police,5,0,1,0,0,3.3,0,0,0,0,0.4,0.688
2022,Child,13-16 years,Male,Emotional & Psychological Abuse,2.5,Police,2,0,1,0,0,3.3,0,0,0,0,0.2,0.538
2022,Child,13-16 years,Male,Emotional & Psychological Abuse,2.5,Social Service,3,1,1,0,0,2.6,0,0,1,0,0.8,0.688
2022,Child,13-16 years,Male,Emotional & Psychological Abuse,2.5,School,6,0,1,0,0,2.5,0,0,0,0,0.4,0.738
2022,Child,7-12 years,Male,Sexual Abuse,2.5,Social Service,2,1,1,0,0,4.3,1,1,1,0,0.8,0.758
2022,Child,0-6 years,Male,Neglect,2.5,School,2,0,1,0,1,3.4,0,0,0,0,0.2,0.508
2022,Child,0-6 years,Male,Sexual Abuse,2.5,School,6,0,1,0,0,5.0,1,1,0,0,0.4,0.858
2022,Child,13-16 years,Male,Sexual Abuse,2.5,School,4,0,1,0,0,4.3,1,1,0,0,0.2,0.758
2022,Child,0-6 years,Male,Sexual Abuse,2.5,Social Service,5,1,1,0,0,4.9,1,1,1,0,1.0,0.908
2022,Child,0-6 years,Male,Sexual Abuse,2.5,School,5,1,1,0,0,4.8,0,0,1,0,1.0,0.908
2022,Child,13-16 years,Male,Emotional & Psychological Abuse,2.5,School,6,0,1,0,0,2.3,0,0,0,0,0.4,0.738
2022,Child,0-6 years,Male,Emotional & Psychological Abuse,2.5,School,2,1,1,0,0,3.0,0,0,1,0,0.8,0.638
2022,Child,7-12 years,Male,Emotional & Psychological Abuse,2.5,Social Service,2,1,1,0,0,2.4,0,0,1,0,0.8,0.638
2022,Child,13-16 years,Male,Emotional & Psychological Abuse,2.5,School,4,1,1,0,0,2.5,0,0,1,0,0.8,0.738
2022,Child,13-16 years,Male,Emotional & Psychological Abuse,2.5,Police,6,1,1,0,0,3.4,0,0,1,0,1.0,0.838
2022,Child,7-12 years,Male,Neglect,2.5,School,3,0,1,0,1,3.1,1,1,0,0,0.2,0.558
2022,Child,13-16 years,Male,Emotional & Psychological Abuse,2.5,School,4,1,1,0,0,2.4,0,0,1,0,0.8,0.738
2022,Child,0-6 years,Male,Physical Abuse,2.5,Police,2,1,1,1,0,5.0,0,0,1,0,0.8,0.698
2022,Child,0-6 years,Male,Emotional & Psychological Abuse,2.5,Social Service,3,0,1,0,0,2.8,0,0,0,0,0.2,0.588
2022,Child,7-12 years,Male,Physical Abuse,2.5,Hospital,2,0,1,1,0,4.9,1,1,0,0,0.2,0.598
2022,Child,7-12 years,Male,Neglect,2.5,School,3,0,1,0,1,3.1,1,1,0,0,0.2,0.558
2022,Child,0-6 years,Male,Physical Abuse,2.5,Social Service,5,0,1,1,0,4.3,0,0,0,0,0.4,0.748
2022,Child,0-6 years,Male,Physical Abuse,2.5,Social Service,5,0,1,1,0,4.7,1,1,0,0,0.4,0.748
2022,Child,0-6 years,Male,Emotional & Psychological Abuse,2.5,School,5,1,1,0,0,2.8,0,0,1,0,1.0,0.788
2022,Child,13-16 years,Male,Neglect,2.5,Social Service,5,0,1,0,1,3.0,0,0,0,0,0.4,0.658
2022,Child,0-6 years,Female,Sexual Abuse,2.5,Social Service,6,0,1,0,0,5.0,1,1,0,0,0.4,0.858
2022,Child,7-12 years,Female,Physical Abuse,2.5,School,5,0,1,1,0,4.1,1,1,0,0,0.4,0.748
2022,Child,7-12 years,Female,Emotional & Psychological Abuse,2.5,Social Service,6,0,1,0,0,2.6,0,0,0,0,0.4,0.738
2022,Child,7-12 years,Female,Sexual Abuse,2.5,School,3,0,1,0,0,4.6,1,1,0,0,0.2,0.708
2022,Child,0-6 years,Female,Physical Abuse,2.5,School,6,0,1,1,0,4.4,0,0,0,0,0.4,0.798
2022,Child,0-6 years,Female,Physical Abuse,2.5,School,6,0,1,1,0,4.6,1,1,0,0,0.4,0.798
2022,Child,7-12 years,Female,Sexual Abuse,2.5,School,2,0,1,0,0,4.3,0,0,0,0,0.2,0.658
2022,Child,13-16 years,Female,Neglect,2.5,School,4,0,1,0,1,3.2,1,0,0,0,0.2,0.608
2022,Child,7-12 years,Female,Physical Abuse,2.5,Social Service,6,0,1,1,0,4.0,1,1,0,0,0.4,0.798
2022,Child,0-6 years,Female,Physical Abuse,2.5,School,5,0,1,1,0,4.6,1,1,0,0,0.4,0.748
2022,Child,13-16 years,Female,Sexual Abuse,2.5,Police,6,0,1,0,0,5.0,1,1,0,0,0.4,0.858
2022,Child,7-12 years,Female,Sexual Abuse,2.5,School,2,0,1,0,0,4.6,1,1,0,0,0.2,0.658
2022,Child,13-16 years,Female,Sexual Abuse,2.5,Social Service,4,1,1,0,0,4.5,1,0,1,0,0.8,0.858
2022,Child,7-12 years,Female,Physical Abuse,2.5,School,5,0,1,1,0,4.1,1,1,0,0,0.4,0.748
2022,Child,7-12 years,Female,Neglect,2.5,Social Service,6,0,1,0,1,2.8,0,0,0,0,0.4,0.708
2022,Child,13-16 years,Female,Physical Abuse,2.5,Social Service,3,1,1,1,0,3.8,0,0,1,0,0.8,0.748
2022,Child,13-16 years,Female,Physical Abuse,2.5,School,3,0,1,1,0,3.9,0,0,0,0,0.2,0.648
2022,Child,7-12 years,Female,Neglect,2.5,Social Service,5,0,1,0,1,2.9,0,0,0,0,0.4,0.658
2022,Child,0-6 years,Female,Physical Abuse,2.5,Police,2,0,1,1,0,5.0,1,1,0,0,0.2,0.598
2022,Child,7-12 years,Female,Neglect,2.5,School,4,1,1,0,1,2.9,0,0,1,0,0.8,0.708
2022,Child,0-6 years,Female,Neglect,2.5,Police,6,0,1,0,1,4.5,1,1,0,0,0.4,0.708
2022,Child,7-12 years,Female,Physical Abuse,2.5,Social Service,6,0,1,1,0,3.9,0,0,0,0,0.4,0.798
2022,Child,0-6 years,Female,Physical Abuse,2.5,Social Service,2,1,1,1,0,4.4,1,0,1,0,0.8,0.698
2022,Child,0-6 years,Female,Emotional & Psychological Abuse,2.5,School,4,1,1,0,0,3.1,1,1,1,0,0.8,0.738
2022,Child,0-6 years,Female,Physical Abuse,2.5,Hospital,3,0,1,1,0,5.0,1,1,0,0,0.2,0.648
2022,Child,13-16 years,Female,Emotional & Psychological Abuse,2.5,School,5,1,1,0,0,2.5,0,0,1,0,1.0,0.788
2022,Child,7-12 years,Female,Physical Abuse,2.5,School,4,1,1,1,0,4.0,1,1,1,0,0.8,0.798
2022,Child,17-18 years,Female,Physical Abuse,2.5,Police,5,0,1,1,0,4.4,1,0,0,0,0.4,0.748
2022,Child,13-16 years,Female,Physical Abuse,2.5,Hospital,3,0,1,1,0,4.7,1,1,0,0,0.2,0.648
2022,Child,0-6 years,Female,Emotional & Psychological Abuse,2.5,Hospital,2,0,1,0,0,4.0,0,0,0,0,0.2,0.538
2022,Child,0-6 years,Female,Neglect,2.5,School,5,0,1,0,1,3.7,1,1,0,0,0.4,0.658
2022,Child,7-12 years,Female,Physical Abuse,2.5,Social Service,6,0,1,1,0,4.1,1,1,0,0,0.4,0.798
2022,Child,7-12 years,Female,Physical Abuse,2.5,School,4,1,1,1,0,3.9,1,1,1,0,0.8,0.798
2022,Child,0-6 years,Female,Physical Abuse,2.5,School,3,0,1,1,0,4.6,1,1,0,0,0.2,0.648
2022,Child,7-12 years,Female,Neglect,2.5,School,4,0,1,0,1,2.8,0,0,0,0,0.2,0.608
2022,Child,0-6 years,Female,Neglect,2.5,School,4,1,1,0,1,3.3,0,0,1,0,0.8,0.708
2022,Child,7-12 years,Female,Sexual Abuse,2.5,School,4,0,1,0,0,4.4,1,0,0,0,0.2,0.758
2022,Child,13-16 years,Female,Emotional & Psychological Abuse,2.5,School,6,0,1,0,0,2.5,0,0,0,0,0.4,0.738
2022,Child,13-16 years,Female,Neglect,2.5,Social Service,3,0,1,0,1,3.1,1,1,0,0,0.2,0.558
2022,Child,13-16 years,Female,Physical Abuse,2.5,Hospital,6,0,1,1,0,4.9,1,1,0,0,0.4,0.798
2022,Child,13-16 years,Female,Sexual Abuse,2.5,School,3,0,1,0,0,4.6,1,1,0,0,0.2,0.708
2022,Child,0-6 years,Female,Neglect,2.5,School,5,1,1,0,1,3.5,0,0,1,0,1.0,0.758
2022,Child,0-6 years,Female,Physical Abuse,2.5,School,2,0,1,1,0,4.4,1,1,0,0,0.2,0.598
2022,Child,7-12 years,Female,Sexual Abuse,2.5,School,4,0,1,0,0,4.4,1,0,0,0,0.2,0.758
2022,Child,13-16 years,Female,Emotional & Psychological Abuse,2.5,Social Service,2,0,1,0,0,2.7,1,1,0,0,0.2,0.538
2022,Child,0-6 years,Female,Sexual Abuse,2.5,Hospital,5,1,1,0,0,5.0,0,0,1,0,1.0,0.908
2022,Child,13-16 years,Female,Physical Abuse,2.5,Hospital,6,1,1,1,0,4.9,1,1,1,0,1.0,0.898
2022,Child,0-6 years,Female,Emotional & Psychological Abuse,2.5,Police,4,1,1,0,0,3.8,1,1,1,0,0.8,0.738
2022,Child,0-6 years,Female,Neglect,2.5,Social Service,6,0,1,0,1,3.5,1,0,0,0,0.4,0.708
2022,Child,13-16 years,Female,Sexual Abuse,2.5,Social Service,5,0,1,0,0,4.6,1,1,0,0,0.4,0.808
2022,Child,13-16 years,Female,Emotional & Psychological Abuse,2.5,School,3,0,1,0,0,2.5,0,0,0,0,0.2,0.588
2022,Child,13-16 years,Female,Emotional & Psychological Abuse,2.5,Hospital,4,0,1,0,0,3.4,0,0,0,0,0.2,0.638
2022,Child,7-12 years,Female,Physical Abuse,2.5,School,2,0,1,1,0,4.2,1,1,0,0,0.2,0.598
2022,Child,13-16 years,Female,Neglect,2.5,Police,5,0,1,0,1,3.8,0,0,0,0,0.4,0.658
2022,Child,0-6 years,Female,Physical Abuse,2.5,School,4,1,1,1,0,4.4,1,1,1,0,0.8,0.798
2022,Child,13-16 years,Female,Emotional & Psychological Abuse,2.5,School,3,0,1,0,0,2.5,0,0,0,0,0.2,0.588
2022,Child,7-12 years,Female,Sexual Abuse,2.5,School,4,0,1,0,0,4.7,1,1,0,0,0.2,0.758
2022,Child,0-6 years,Female,Sexual Abuse,2.5,Social Service,6,0,1,0,0,4.9,1,0,0,0,0.4,0.858
2022,Child,0-6 years,Female,Neglect,2.5,School,5,1,1,0,1,3.5,1,1,1,0,1.0,0.758
2022,Child,0-6 years,Female,Emotional & Psychological Abuse,2.5,School,2,1,1,0,0,3.1,0,0,1,0,0.8,0.638
2022,Child,13-16 years,Female,Emotional & Psychological Abuse,2.5,Police,4,0,1,0,0,3.4,0,0,0,0,0.2,0.638
2022,Child,0-6 years,Female,Physical Abuse,2.5,School,6,0,1,1,0,4.4,1,0,0,0,0.4,0.798
2022,Child,13-16 years,Female,Neglect,2.5,Police,5,0,1,0,1,3.9,1,0,0,0,0.4,0.658
2022,Child,7-12 years,Female,Sexual Abuse,2.5,School,5,0,1,0,0,4.7,1,1,0,0,0.4,0.808
2022,Child,7-12 years,Female,Physical Abuse,2.5,School,6,0,1,1,0,3.9,1,0,0,0,0.4,0.798
2022,Child,0-6 years,Female,Physical Abuse,2.5,School,4,1,1,1,0,4.4,0,0,1,0,0.8,0.798
2022,Child,13-16 years,Female,Neglect,2.5,School,4,0,1,0,1,3.2,1,1,0,0,0.2,0.608
2022,Child,13-16 years,Female,Emotional & Psychological Abuse,2.5,Police,4,0,1,0,0,3.2,0,0,0,0,0.2,0.638
2022,Child,0-6 years,Female,Physical Abuse,2.5,Hospital,4,0,1,1,0,5.0,1,1,0,0,0.2,0.698
2022,Child,0-6 years,Female,Emotional & Psychological Abuse,2.5,School,4,0,1,0,0,3.0,0,0,0,0,0.2,0.638
2022,Child,0-6 years,Female,Sexual Abuse,2.5,Police,3,0,1,0,0,5.0,1,1,0,0,0.2,0.708
2022,Child,13-16 years,Female,Sexual Abuse,2.5,Hospital,4,0,1,0,0,5.0,1,1,0,0,0.2,0.758
2022,Child,0-6 years,Female,Neglect,2.5,Social Service,4,1,1,0,1,3.5,0,0,1,0,0.8,0.708
2022,Child,13-16 years,Female,Emotional & Psychological Abuse,2.5,Police,3,1,1,0,0,3.3,0,0,1,0,0.8,0.688
2022,Child,13-16 years,Female,Physical Abuse,2.5,School,5,0,1,1,0,3.9,1,1,0,0,0.4,0.748
2022,Child,7-12 years,Female,Physical Abuse,2.5,Police,2,0,1,1,0,4.8,1,1,0,0,0.2,0.598
2022,Child,0-6 years,Female,Neglect,2.5,School,2,0,1,0,1,3.4,0,0,0,0,0.2,0.508
2022,Child,7-12 years,Female,Physical Abuse,2.5,Social Service,5,0,1,1,0,4.0,1,0,0,0,0.4,0.748
2022,Child,7-12 years,Female,Sexual Abuse,2.5,Social Service,3,1,1,0,0,4.7,1,1,1,0,0.8,0.808
2022,Child,17-18 years,Female,Neglect,2.5,Social Service,3,0,1,0,1,2.4,0,0,0,0,0.2,0.558
2022,Child,7-12 years,Female,Physical Abuse,2.5,Police,2,1,1,1,0,4.9,1,1,1,0,0.8,0.698
2022,Child,13-16 years,Female,Sexual Abuse,2.5,Social Service,3,0,1,0,0,4.4,1,1,0,0,0.2,0.708
2022,Child,13-16 years,Female,Neglect,2.5,Social Service,3,0,1,0,1,3.1,0,0,0,0,0.2,0.558
2022,Child,13-16 years,Female,Sexual Abuse,2.5,Social Service,3,1,1,0,0,4.4,1,1,1,0,0.8,0.808
2022,Child,7-12 years,Female,Emotional & Psychological Abuse,2.5,Hospital,4,0,1,0,0,3.5,1,1,0,0,0.2,0.638
2022,Child,0-6 years,Female,Physical Abuse,2.5,School,3,0,1,1,0,4.5,0,0,0,0,0.2,0.648
2022,Child,0-6 years,Female,Neglect,2.5,School,3,1,1,0,1,3.4,0,0,1,0,0.8,0.658
2022,Child,7-12 years,Female,Emotional & Psychological Abuse,2.5,School,5,1,1,0,0,2.3,0,0,1,0,1.0,0.788
2022,Child,0-6 years,Female,Emotional & Psychological Abuse,2.5,Police,2,1,1,0,0,3.7,1,1,1,0,0.8,0.638
2022,Child,13-16 years,Female,Physical Abuse,2.5,Police,2,0,1,1,0,4.8,1,0,0,0,0.2,0.598
2022,Child,13-16 years,Female,Neglect,2.5,Hospital,4,1,1,0,1,3.7,1,0,1,0,0.8,0.708
2022,Child,7-12 years,Female,Emotional & Psychological Abuse,2.5,Hospital,4,0,1,0,0,3.4,0,0,0,0,0.2,0.638
2022,Child,7-12 years,Female,Emotional & Psychological Abuse,2.5,Hospital,5,0,1,0,0,3.3,0,0,0,0,0.4,0.688
2022,Child,0-6 years,Female,Physical Abuse,2.5,Police,3,1,1,1,0,5.0,1,0,1,0,0.8,0.748
2022,Child,0-6 years,Female,Emotional & Psychological Abuse,2.5,Police,2,0,1,0,0,3.8,0,0,0,0,0.2,0.538
2022,Child,7-12 years,Female,Neglect,2.5,School,4,0,1,0,1,3.1,0,0,0,0,0.2,0.608
2022,Child,7-12 years,Female,Physical Abuse,2.5,School,6,0,1,1,0,3.9,1,0,0,0,0.4,0.798
2022,Child,13-16 years,Female,Sexual Abuse,2.5,School,6,0,1,0,0,4.4,1,0,0,0,0.4,0.858
2022,Child,13-16 years,Female,Physical Abuse,2.5,Police,5,0,1,1,0,4.6,1,0,0,0,0.4,0.748
2022,Child,7-12 years,Female,Physical Abuse,2.5,School,2,0,1,1,0,4.1,1,1,0,0,0.2,0.598
2022,Child,7-12 years,Female,Sexual Abuse,2.5,Social Service,6,0,1,0,0,4.6,1,1,0,0,0.4,0.858
2022,Child,0-6 years,Female,Emotional & Psychological Abuse,2.5,Police,5,0,1,0,0,3.8,0,0,0,0,0.4,0.688
2022,Child,0-6 years,Female,Neglect,2.5,School,4,0,1,0,1,3.6,1,1,0,0,0.2,0.608
2022,Child,7-12 years,Female,Neglect,2.5,School,2,1,1,0,1,3.1,1,0,1,0,0.8,0.608
2022,Child,17-18 years,Female,Neglect,2.5,Police,6,0,1,0,1,3.3,0,0,0,0,0.4,0.708
2022,Child,0-6 years,Female,Physical Abuse,2.5,Social Service,2,0,1,1,0,4.6,1,1,0,0,0.2,0.598
2022,Child,0-6 years,Female,Neglect,2.5,School,4,0,1,0,1,3.4,1,1,0,0,0.2,0.608
2022,Child,7-12 years,Female,Physical Abuse,2.5,Social Service,2,0,1,1,0,3.8,0,0,0,0,0.2,0.598
2022,Child,0-6 years,Female,Sexual Abuse,2.5,School,2,0,1,0,0,4.9,1,1,0,0,0.2,0.658
2022,Child,7-12 years,Female,Emotional & Psychological Abuse,2.5,Hospital,6,1,1,0,0,3.1,0,0,1,0,1.0,0.838
2022,Child,7-12 years,Female,Physical Abuse,2.5,Police,2,0,1,1,0,4.8,1,0,0,0,0.2,0.598
2022,Child,0-6 years,Female,Physical Abuse,2.5,School,5,0,1,1,0,4.7,1,1,0,0,0.4,0.748
2022,Child,7-12 years,Female,Neglect,2.5,School,2,0,1,0,1,2.8,0,0,0,0,0.2,0.508
2022,Child,0-6 years,Female,Emotional & Psychological Abuse,2.5,Police,2,1,1,0,0,3.6,0,0,1,0,0.8,0.638
2022,Child,7-12 years,Female,Neglect,2.5,Social Service,3,1,1,0,1,3.0,0,0,1,0,0.8,0.658
2022,Child,13-16 years,Female,Emotional & Psychological Abuse,2.5,School,3,1,1,0,0,2.7,1,1,1,0,0.8,0.688
2022,Child,7-12 years,Female,Neglect,2.5,School,4,1,1,0,1,2.9,1,0,1,0,0.8,0.708
2022,Child,0-6 years,Female,Sexual Abuse,2.5,Hospital,3,0,1,0,0,5.0,1,1,0,0,0.2,0.708
2022,Child,7-12 years,Female,Emotional & Psychological Abuse,2.5,School,6,1,1,0,0,2.3,0,0,1,0,1.0,0.838
2022,Child,0-6 years,Female,Physical Abuse,2.5,Hospital,5,0,1,1,0,5.0,0,0,0,0,0.4,0.748
2022,Child,0-6 years,Female,Physical Abuse,2.5,School,6,1,1,1,0,4.7,1,1,1,0,1.0,0.898
2022,Child,7-12 years,Female,Emotional & Psychological Abuse,2.5,Social Service,5,0,1,0,0,2.7,1,1,0,0,0.4,0.688
2022,Child,17-18 years,Female,Neglect,2.5,Police,6,1,1,0,1,3.1,0,0,1,0,1.0,0.808
2022,Child,13-16 years,Female,Neglect,2.5,Police,2,1,1,0,1,4.0,1,1,1,0,0.8,0.608
2022,Child,0-6 years,Female,Neglect,2.5,School,5,0,1,0,1,3.6,1,1,0,0,0.4,0.658
2022,Child,13-16 years,Female,Sexual Abuse,2.5,Social Service,6,1,1,0,0,4.6,1,1,1,0,1.0,0.958
2022,Child,7-12 years,Female,Sexual Abuse,2.5,School,5,1,1,0,0,4.5,1,0,1,0,1.0,0.908
2022,Child,13-16 years,Female,Neglect,2.5,School,4,0,1,0,1,3.0,0,0,0,0,0.2,0.608
2022,Child,0-6 years,Female,Physical Abuse,2.5,Hospital,5,0,1,1,0,5.0,1,0,0,0,0.4,0.748
2022,Child,0-6 years,Female,Neglect,2.5,School,6,1,1,0,1,3.6,1,1,1,0,1.0,0.808
2022,Child,7-12 years,Female,Emotional & Psychological Abuse,2.5,Police,5,0,1,0,0,3.2,0,0,0,0,0.4,0.688
2022,Child,0-6 years,Female,Neglect,2.5,Social Service,5,0,1,0,1,3.3,0,0,0,0,0.4,0.658
2022,Child,13-16 years,Female,Neglect,2.5,Social Service,3,1,1,0,1,2.9,0,0,1,0,0.8,0.658
2022,Child,7-12 years,Female,Physical Abuse,2.5,Social Service,6,0,1,1,0,4.1,1,1,0,0,0.4,0.798
2022,Child,0-6 years,Female,Physical Abuse,2.5,School,4,0,1,1,0,4.4,1,0,0,0,0.2,0.698
2022,Child,0-6 years,Female,Neglect,2.5,School,5,1,1,0,1,3.6,1,1,1,0,1.0,0.758
2022,Child,0-6 years,Female,Neglect,2.5,School,5,0,1,0,1,3.7,1,1,0,0,0.4,0.658
2022,Child,13-16 years,Female,Emotional & Psychological Abuse,2.5,Police,2,0,1,0,0,3.1,0,0,0,0,0.2,0.538
2022,Child,7-12 years,Female,Emotional & Psychological Abuse,2.5,Police,6,1,1,0,0,3.4,1,1,1,0,1.0,0.838
2022,Child,13-16 years,Female,Sexual Abuse,2.5,School,4,0,1,0,0,4.5,1,0,0,0,0.2,0.758
2022,Child,7-12 years,Female,Emotional & Psychological Abuse,2.5,Hospital,4,1,1,0,0,3.4,1,1,1,0,0.8,0.738
2022,Child,7-12 years,Female,Emotional & Psychological Abuse,2.5,School,2,0,1,0,0,2.4,0,0,0,0,0.2,0.538
2022,Child,0-6 years,Female,Physical Abuse,2.5,School,4,0,1,1,0,4.6,1,1,0,0,0.2,0.698
2022,Child,0-6 years,Female,Neglect,2.5,Police,5,0,1,0,1,4.4,1,0,0,0,0.4,0.658
2022,Child,7-12 years,Female,Physical Abuse,2.5,School,3,0,1,1,0,4.2,1,1,0,0,0.2,0.648
2022,Child,13-16 years,Female,Physical Abuse,2.5,Social Service,5,0,1,1,0,4.1,1,0,0,0,0.4,0.748
2022,Child,0-6 years,Female,Physical Abuse,2.5,School,6,0,1,1,0,4.5,1,0,0,0,0.4,0.798
2023,Child,0-6 years,Male,Physical Abuse,2.4,Hospital,3,1,1,1,0,5.0,1,1,1,0,0.8,0.74
2023,Child,13-16 years,Male,Neglect,2.4,School,3,0,1,0,1,3.1,1,1,0,0,0.2,0.55
2023,Child,13-16 years,Male,Sexual Abuse,2.4,School,3,0,1,0,0,4.5,1,0,0,0,0.2,0.7
2023,Child,0-6 years,Male,Neglect,2.4,Hospital,5,1,1,0,1,4.1,0,0,1,0,1.0,0.75
2023,Child,13-16 years,Male,Neglect,2.4,Social Service,5,0,1,0,1,3.2,1,1,0,0,0.4,0.65
2023,Child,0-6 years,Male,Neglect,2.4,Hospital,5,0,1,0,1,4.4,0,0,0,0,0.4,0.65
2023,Child,17-18 years,Male,Sexual Abuse,2.4,School,4,0,1,0,0,4.1,1,1,0,0,0.2,0.75
2023,Child,0-6 years,Male,Physical Abuse,2.4,Hospital,3,1,1,1,0,5.0,1,1,1,0,0.8,0.74
2023,Child,7-12 years,Male,Sexual Abuse,2.4,School,3,0,1,0,0,4.6,1,1,0,0,0.2,0.7
2023,Child,0-6 years,Male,Neglect,2.4,School,5,0,1,0,1,3.5,0,0,0,0,0.4,0.65
2023,Child,0-6 years,Male,Neglect,2.4,School,5,1,1,0,1,3.6,1,0,1,0,1.0,0.75
2023,Child,0-6 years,Male,Neglect,2.4,School,5,1,1,0,1,3.3,0,0,1,0,1.0,0.75
2023,Child,13-16 years,Male,Neglect,2.4,School,4,0,1,0,1,3.1,0,0,0,0,0.2,0.6
2023,Child,17-18 years,Male,Neglect,2.4,Police,4,0,1,0,1,3.5,1,1,0,0,0.2,0.6
2023,Child,7-12 years,Male,Physical Abuse,2.4,Police,4,0,1,1,0,4.6,0,0,0,0,0.2,0.69
2023,Child,17-18 years,Male,Emotional & Psychological Abuse,2.4,Hospital,4,0,1,0,0,3.0,0,0,0,0,0.2,0.63
2023,Child,7-12 years,Male,Sexual Abuse,2.4,School,6,0,1,0,0,4.5,1,1,0,0,0.4,0.85
2023,Child,17-18 years,Male,Physical Abuse,2.4,School,4,0,1,1,0,3.6,1,1,0,0,0.2,0.69
2023,Child,0-6 years,Male,Neglect,2.4,Police,6,0,1,0,1,4.4,0,0,0,0,0.4,0.7
2023,Child,7-12 years,Male,Sexual Abuse,2.4,Police,6,1,1,0,0,5.0,1,0,1,0,1.0,0.95
2023,Child,13-16 years,Male,Neglect,2.4,School,4,0,1,0,1,3.1,0,0,0,0,0.2,0.6
2023,Child,0-6 years,Male,Emotional & Psychological Abuse,2.4,School,4,1,1,0,0,3.2,1,1,1,0,0.8,0.73
2023,Child,0-6 years,Male,Physical Abuse,2.4,Police,6,0,1,1,0,5.0,1,1,0,0,0.4,0.79
2023,Child,7-12 years,Male,Sexual Abuse,2.4,Police,6,1,1,0,0,5.0,1,1,1,0,1.0,0.95
2023,Child,17-18 years,Male,Physical Abuse,2.4,School,5,1,1,1,0,3.6,1,1,1,0,1.0,0.84
2023,Child,0-6 years,Male,Emotional & Psychological Abuse,2.4,Police,2,0,1,0,0,3.9,0,0,0,0,0.2,0.53
2023,Child,17-18 years,Male,Sexual Abuse,2.4,School,4,0,1,0,0,4.1,1,1,0,0,0.2,0.75
2023,Child,0-6 years,Male,Neglect,2.4,School,3,0,1,0,1,3.6,0,0,0,0,0.2,0.55
2023,Child,7-12 years,Male,Sexual Abuse,2.4,Police,2,0,1,0,0,5.0,1,0,0,0,0.2,0.65
2023,Child,0-6 years,Male,Neglect,2.4,Social Service,4,1,1,0,1,3.6,1,1,1,0,0.8,0.7
2023,Child,17-18 years,Male,Physical Abuse,2.4,School,4,0,1,1,0,3.3,1,0,0,0,0.2,0.69
2023,Child,7-12 years,Male,Sexual Abuse,2.4,Police,4,0,1,0,0,5.0,1,0,0,0,0.2,0.75
2023,Child,0-6 years,Male,Physical Abuse,2.4,School,5,0,1,1,0,4.3,0,0,0,0,0.4,0.74
2023,Child,7-12 years,Male,Physical Abuse,2.4,School,4,1,1,1,0,3.9,1,1,1,0,0.8,0.79
2023,Child,7-12 years,Male,Neglect,2.4,Hospital,2,1,1,0,1,3.7,0,0,1,0,0.8,0.6
2023,Child,0-6 years,Male,Sexual Abuse,2.4,School,2,1,1,0,0,5.0,1,0,1,0,0.8,0.75
2023,Child,7-12 years,Male,Sexual Abuse,2.4,Police,3,0,1,0,0,5.0,1,1,0,0,0.2,0.7
2023,Child,0-6 years,Male,Emotional & Psychological Abuse,2.4,Police,2,0,1,0,0,3.8,0,0,0,0,0.2,0.53
2023,Child,0-6 years,Male,Neglect,2.4,School,6,0,1,0,1,3.5,0,0,0,0,0.4,0.7
2023,Child,0-6 years,Male,Neglect,2.4,Hospital,5,1,1,0,1,4.2,1,0,1,0,1.0,0.75
2023,Child,7-12 years,Male,Neglect,2.4,Social Service,3,0,1,0,1,2.9,0,0,0,0,0.2,0.55
2023,Child,7-12 years,Male,Neglect,2.4,Social Service,3,0,1,0,1,2.9,0,0,0,0,0.2,0.55
2023,Child,0-6 years,Male,Emotional & Psychological Abuse,2.4,Social Service,4,0,1,0,0,2.8,0,0,0,0,0.2,0.63
2023,Child,7-12 years,Male,Neglect,2.4,Social Service,3,0,1,0,1,3.0,1,1,0,0,0.2,0.55
2023,Child,7-12 years,Male,Neglect,2.4,Social Service,5,0,1,0,1,3.1,0,0,0,0,0.4,0.65
2023,Child,7-12 years,Male,Physical Abuse,2.4,School,5,0,1,1,0,4.0,1,1,0,0,0.4,0.74
2023,Child,17-18 years,Male,Physical Abuse,2.4,School,5,1,1,1,0,3.5,1,1,1,0,1.0,0.84
2023,Child,7-12 years,Male,Sexual Abuse,2.4,School,6,0,1,0,0,4.5,1,0,0,0,0.4,0.85
2023,Child,7-12 years,Male,Physical Abuse,2.4,Police,5,0,1,1,0,4.9,1,1,0,0,0.4,0.74
2023,Child,7-12 years,Male,Neglect,2.4,Social Service,5,0,1,0,1,3.0,0,0,0,0,0.4,0.65
2023,Child,0-6 years,Male,Sexual Abuse,2.4,Police,4,0,1,0,0,5.0,1,0,0,0,0.2,0.75
2023,Child,17-18 years,Male,Sexual Abuse,2.4,School,4,0,1,0,0,3.8,0,0,0,0,0.2,0.75
2023,Child,13-16 years,Male,Physical Abuse,2.4,Hospital,6,0,1,1,0,4.7,1,1,0,0,0.4,0.79
2023,Child,13-16 years,Male,Emotional & Psychological Abuse,2.4,School,2,1,1,0,0,2.5,0,0,1,0,0.8,0.63
2023,Child,0-6 years,Male,Emotional & Psychological Abuse,2.4,Social Service,6,1,1,0,0,3.0,0,0,1,0,1.0,0.83
2023,Child,0-6 years,Male,Neglect,2.4,School,2,0,1,0,1,3.5,1,0,0,0,0.2,0.5
2023,Child,7-12 years,Male,Sexual Abuse,2.4,Police,4,0,1,0,0,5.0,1,0,0,0,0.2,0.75
2023,Child,0-6 years,Male,Emotional & Psychological Abuse,2.4,Police,2,0,1,0,0,3.8,0,0,0,0,0.2,0.53
2023,Child,0-6 years,Male,Neglect,2.4,Police,3,0,1,0,1,4.4,0,0,0,0,0.2,0.55
2023,Child,13-16 years,Male,Neglect,2.4,Social Service,3,0,1,0,1,3.1,1,1,0,0,0.2,0.55
2023,Child,13-16 years,Male,Physical Abuse,2.4,Hospital,3,1,1,1,0,4.9,1,1,1,0,0.8,0.74
2023,Child,0-6 years,Male,Neglect,2.4,Police,6,0,1,0,1,4.5,1,1,0,0,0.4,0.7
2023,Child,7-12 years,Male,Sexual Abuse,2.4,Police,6,1,1,0,0,5.0,0,0,1,0,1.0,0.95
2023,Child,7-12 years,Male,Sexual Abuse,2.4,Hospital,6,0,1,0,0,5.0,1,1,0,0,0.4,0.85
2023,Child,7-12 years,Male,Sexual Abuse,2.4,Police,3,0,1,0,0,5.0,0,0,0,0,0.2,0.7
2023,Child,0-6 years,Male,Emotional & Psychological Abuse,2.4,Police,2,0,1,0,0,3.9,0,0,0,0,0.2,0.53
2023,Child,13-16 years,Male,Neglect,2.4,School,5,1,1,0,1,3.2,1,1,1,0,1.0,0.75
2023,Child,0-6 years,Male,Physical Abuse,2.4,School,5,0,1,1,0,4.4,1,0,0,0,0.4,0.74
2023,Child,7-12 years,Male,Emotional & Psychological Abuse,2.4,School,6,1,1,0,0,2.7,1,0,1,0,1.0,0.83
2023,Child,0-6 years,Male,Emotional & Psychological Abuse,2.4,Social Service,4,0,1,0,0,2.8,0,0,0,0,0.2,0.63
2023,Child,0-6 years,Male,Neglect,2.4,School,6,1,1,0,1,3.7,1,1,1,0,1.0,0.8
2023,Child,0-6 years,Male,Neglect,2.4,School,3,0,1,0,1,3.4,1,1,0,0,0.2,0.55
2023,Child,0-6 years,Male,Emotional & Psychological Abuse,2.4,School,3,1,1,0,0,2.8,0,0,1,0,0.8,0.68
2023,Child,0-6 years,Male,Physical Abuse,2.4,Social Service,2,0,1,1,0,4.5,1,0,0,0,0.2,0.59
2023,Child,0-6 years,Male,Physical Abuse,2.4,Social Service,6,1,1,1,0,4.4,1,1,1,0,1.0,0.89
2023,Child,7-12 years,Male,Physical Abuse,2.4,Police,4,0,1,1,0,4.7,1,1,0,0,0.2,0.69
2023,Child,0-6 years,Male,Neglect,2.4,School,2,0,1,0,1,3.4,0,0,0,0,0.2,0.5
2023,Child,7-12 years,Male,Sexual Abuse,2.4,Police,6,1,1,0,0,5.0,1,1,1,0,1.0,0.95
2023,Child,13-16 years,Male,Neglect,2.4,School,4,1,1,0,1,3.0,1,1,1,0,0.8,0.7
2023,Child,13-16 years,Male,Neglect,2.4,Social Service,6,0,1,0,1,2.9,1,0,0,0,0.4,0.7
2023,Child,0-6 years,Male,Neglect,2.4,School,2,0,1,0,1,3.5,0,0,0,0,0.2,0.5
2023,Child,13-16 years,Male,Neglect,2.4,Social Service,6,0,1,0,1,3.1,1,0,0,0,0.4,0.7
2023,Child,13-16 years,Male,Sexual Abuse,2.4,School,3,0,1,0,0,4.4,1,1,0,0,0.2,0.7
2023,Child,7-12 years,Male,Emotional & Psychological Abuse,2.4,Police,3,1,1,0,0,3.3,0,0,1,0,0.8,0.68
2023,Child,0-6 years,Male,Emotional & Psychological Abuse,2.4,Social Service,6,1,1,0,0,2.8,0,0,1,0,1.0,0.83
2023,Child,13-16 years,Male,Physical Abuse,2.4,Hospital,3,1,1,1,0,4.7,1,1,1,0,0.8,0.74
2023,Child,0-6 years,Male,Physical Abuse,2.4,School,5,0,1,1,0,4.6,1,1,0,0,0.4,0.74
2023,Child,13-16 years,Male,Physical Abuse,2.4,School,4,1,1,1,0,3.9,0,0,1,0,0.8,0.79
2023,Child,0-6 years,Male,Emotional & Psychological Abuse,2.4,Police,2,0,1,0,0,3.8,0,0,0,0,0.2,0.53
2023,Child,7-12 years,Male,Neglect,2.4,Social Service,3,0,1,0,1,3.1,0,0,0,0,0.2,0.55
2023,Child,17-18 years,Male,Neglect,2.4,Police,4,0,1,0,1,3.1,0,0,0,0,0.2,0.6
2023,Child,0-6 years,Male,Neglect,2.4,Police,3,0,1,0,1,4.3,1,0,0,0,0.2,0.55
2023,Child,0-6 years,Male,Neglect,2.4,Social Service,3,0,1,0,1,3.4,0,0,0,0,0.2,0.55
2023,Child,0-6 years,Male,Neglect,2.4,Hospital,5,0,1,0,1,4.5,1,1,0,0,0.4,0.65
2023,Child,0-6 years,Male,Neglect,2.4,Hospital,5,1,1,0,1,4.3,0,0,1,0,1.0,0.75
2023,Child,13-16 years,Male,Neglect,2.4,Social Service,5,0,1,0,1,3.1,1,0,0,0,0.4,0.65
2023,Child,0-6 years,Male,Neglect,2.4,School,3,0,1,0,1,3.5,0,0,0,0,0.2,0.55
2023,Child,0-6 years,Male,Neglect,2.4,School,5,0,1,0,1,3.3,0,0,0,0,0.4,0.65
2023,Child,7-12 years,Male,Neglect,2.4,Social Service,3,0,1,0,1,3.1,0,0,0,0,0.2,0.55
2023,Child,7-12 years,Male,Physical Abuse,2.4,Social Service,5,0,1,1,0,4.2,1,1,0,0,0.4,0.74
2023,Child,13-16 years,Male,Physical Abuse,2.4,School,4,1,1,1,0,4.0,1,1,1,0,0.8,0.79
2023,Child,0-6 years,Male,Neglect,2.4,School,6,0,1,0,1,3.6,1,1,0,0,0.4,0.7
2023,Child,13-16 years,Male,Neglect,2.4,School,4,0,1,0,1,3.2,1,1,0,0,0.2,0.6
2023,Child,0-6 years,Male,Neglect,2.4,Police,6,0,1,0,1,4.2,0,0,0,0,0.4,0.7
2023,Child,17-18 years,Male,Emotional & Psychological Abuse,2.4,Hospital,4,0,1,0,0,2.7,0,0,0,0,0.2,0.63
2023,Child,0-6 years,Male,Neglect,2.4,Social Service,6,0,1,0,1,3.5,1,0,0,0,0.4,0.7
2023,Child,7-12 years,Male,Sexual Abuse,2.4,Police,4,0,1,0,0,5.0,1,1,0,0,0.2,0.75
2023,Child,0-6 years,Male,Emotional & Psychological Abuse,2.4,Police,2,0,1,0,0,3.9,0,0,0,0,0.2,0.53
2023,Child,7-12 years,Male,Physical Abuse,2.4,Hospital,5,0,1,1,0,5.0,1,1,0,0,0.4,0.74
2023,Child,0-6 years,Male,Emotional & Psychological Abuse,2.4,School,4,0,1,0,0,2.9,0,0,0,0,0.2,0.63
2023,Child,0-6 years,Male,Neglect,2.4,Hospital,5,1,1,0,1,4.2,1,1,1,0,1.0,0.75
2023,Child,7-12 years,Male,Neglect,2.4,School,2,0,1,0,1,3.1,0,0,0,0,0.2,0.5
2023,Child,7-12 years,Male,Physical Abuse,2.4,Police,3,0,1,1,0,4.7,1,1,0,0,0.2,0.64
2023,Child,7-12 years,Male,Sexual Abuse,2.4,Police,4,0,1,0,0,5.0,1,1,0,0,0.2,0.75
2023,Child,13-16 years,Male,Neglect,2.4,School,5,1,1,0,1,3.0,1,0,1,0,1.0,0.75
2023,Child,13-16 years,Male,Neglect,2.4,Social Service,3,0,1,0,1,3.1,0,0,0,0,0.2,0.55
2023,Child,13-16 years,Male,Neglect,2.4,School,4,0,1,0,1,2.8,0,0,0,0,0.2,0.6
2023,Child,0-6 years,Male,Physical Abuse,2.4,School,3,0,1,1,0,4.5,1,0,0,0,0.2,0.64
2023,Child,7-12 years,Male,Emotional & Psychological Abuse,2.4,School,6,1,1,0,0,2.5,1,0,1,0,1.0,0.83
2023,Child,13-16 years,Male,Neglect,2.4,School,4,0,1,0,1,3.0,1,0,0,0,0.2,0.6
2023,Child,7-12 years,Male,Emotional & Psychological Abuse,2.4,Police,3,1,1,0,0,3.2,0,0,1,0,0.8,0.68
2023,Child,13-16 years,Male,Sexual Abuse,2.4,Police,2,1,1,0,0,5.0,1,1,1,0,0.8,0.75
2023,Child,0-6 years,Male,Emotional & Psychological Abuse,2.4,School,3,1,1,0,0,3.1,1,1,1,0,0.8,0.68
2023,Child,7-12 years,Male,Emotional & Psychological Abuse,2.4,School,6,1,1,0,0,2.4,0,0,1,0,1.0,0.83
2023,Child,0-6 years,Male,Neglect,2.4,School,6,1,1,0,1,3.3,0,0,1,0,1.0,0.8
2023,Child,0-6 years,Male,Neglect,2.4,School,6,1,1,0,1,3.3,0,0,1,0,1.0,0.8
2023,Child,0-6 years,Male,Neglect,2.4,School,3,0,1,0,1,3.6,0,0,0,0,0.2,0.55
2023,Child,0-6 years,Male,Emotional & Psychological Abuse,2.4,Police,4,1,1,0,0,3.8,0,0,1,0,0.8,0.73
2023,Child,0-6 years,Male,Physical Abuse,2.4,Hospital,3,1,1,1,0,5.0,1,1,1,0,0.8,0.74
2023,Child,7-12 years,Male,Physical Abuse,2.4,Hospital,5,0,1,1,0,4.7,1,0,0,0,0.4,0.74
2023,Child,7-12 years,Female,Emotional & Psychological Abuse,2.4,Hospital,3,0,1,0,0,3.3,0,0,0,0,0.2,0.58
2023,Child,7-12 years,Female,Neglect,2.4,Hospital,4,0,1,0,1,3.8,1,1,0,0,0.2,0.6
2023,Child,7-12 years,Female,Neglect,2.4,School,5,0,1,0,1,3.0,1,0,0,0,0.4,0.65
2023,Child,7-12 years,Female,Neglect,2.4,School,3,1,1,0,1,3.2,1,1,1,0,0.8,0.65
2023,Child,13-16 years,Female,Physical Abuse,2.4,Social Service,3,1,1,1,0,3.9,1,0,1,0,0.8,0.74
2023,Child,0-6 years,Female,Physical Abuse,2.4,School,2,0,1,1,0,4.6,1,1,0,0,0.2,0.59
2023,Child,13-16 years,Female,Physical Abuse,2.4,School,3,0,1,1,0,4.0,1,0,0,0,0.2,0.64
2023,Child,7-12 years,Female,Physical Abuse,2.4,School,4,0,1,1,0,4.0,1,0,0,0,0.2,0.69
2023,Child,0-6 years,Female,Physical Abuse,2.4,School,2,1,1,1,0,4.6,1,1,1,0,0.8,0.69
2023,Child,13-16 years,Female,Physical Abuse,2.4,School,3,1,1,1,0,4.1,1,0,1,0,0.8,0.74
2023,Child,0-6 years,Female,Physical Abuse,2.4,Social Service,4,0,1,1,0,4.7,1,1,0,0,0.2,0.69
2023,Child,13-16 years,Female,Physical Abuse,2.4,Hospital,6,0,1,1,0,4.7,0,0,0,0,0.4,0.79
2023,Child,13-16 years,Female,Physical Abuse,2.4,Social Service,4,0,1,1,0,3.8,1,1,0,0,0.2,0.69
2023,Child,7-12 years,Female,Emotional & Psychological Abuse,2.4,School,5,0,1,0,0,2.6,0,0,0,0,0.4,0.68
2023,Child,7-12 years,Female,Neglect,2.4,Social Service,4,1,1,0,1,3.0,1,1,1,0,0.8,0.7
2023,Child,0-6 years,Female,Emotional & Psychological Abuse,2.4,School,4,1,1,0,0,2.9,0,0,1,0,0.8,0.73
2023,Child,0-6 years,Female,Emotional & Psychological Abuse,2.4,Social Service,5,0,1,0,0,2.8,0,0,0,0,0.4,0.68
2023,Child,0-6 years,Female,Neglect,2.4,School,5,0,1,0,1,3.3,1,0,0,0,0.4,0.65
2023,Child,7-12 years,Female,Physical Abuse,2.4,School,6,1,1,1,0,4.2,1,1,1,0,1.0,0.89
2023,Child,0-6 years,Female,Physical Abuse,2.4,Police,2,0,1,1,0,5.0,0,0,0,0,0.2,0.59
2023,Child,17-18 years,Female,Sexual Abuse,2.4,School,2,0,1,0,0,3.9,1,0,0,0,0.2,0.65
2023,Child,0-6 years,Female,Emotional & Psychological Abuse,2.4,School,3,0,1,0,0,2.9,1,0,0,0,0.2,0.58
2023,Child,7-12 years,Female,Physical Abuse,2.4,Police,5,0,1,1,0,4.7,1,1,0,0,0.4,0.74
2023,Child,13-16 years,Female,Emotional & Psychological Abuse,2.4,School,5,0,1,0,0,2.3,0,0,0,0,0.4,0.68
2023,Child,17-18 years,Female,Neglect,2.4,Hospital,3,1,1,0,1,3.3,1,0,1,0,0.8,0.65
2023,Child,0-6 years,Female,Physical Abuse,2.4,School,2,1,1,1,0,4.3,1,0,1,0,0.8,0.69
2023,Child,7-12 years,Female,Neglect,2.4,School,2,0,1,0,1,3.1,1,1,0,0,0.2,0.5
2023,Child,13-16 years,Female,Physical Abuse,2.4,Hospital,4,0,1,1,0,4.7,0,0,0,0,0.2,0.69
2023,Child,13-16 years,Female,Physical Abuse,2.4,School,2,1,1,1,0,4.0,1,1,1,0,0.8,0.69
2023,Child,0-6 years,Female,Physical Abuse,2.4,Hospital,6,1,1,1,0,5.0,1,1,1,0,1.0,0.89
2023,Child,0-6 years,Female,Physical Abuse,2.4,Police,5,0,1,1,0,5.0,1,0,0,0,0.4,0.74
2023,Child,17-18 years,Female,Emotional & Psychological Abuse,2.4,School,5,0,1,0,0,2.0,0,0,0,0,0.4,0.68
2023,Child,7-12 years,Female,Physical Abuse,2.4,Social Service,5,0,1,1,0,3.9,1,1,0,0,0.4,0.74
2023,Child,7-12 years,Female,Sexual Abuse,2.4,Hospital,4,0,1,0,0,5.0,1,0,0,0,0.2,0.75
2023,Child,0-6 years,Female,Physical Abuse,2.4,School,5,0,1,1,0,4.6,1,0,0,0,0.4,0.74
2023,Child,13-16 years,Female,Sexual Abuse,2.4,Hospital,5,0,1,0,0,5.0,1,1,0,0,0.4,0.8
2023,Child,13-16 years,Female,Physical Abuse,2.4,Social Service,4,0,1,1,0,4.1,1,1,0,0,0.2,0.69
2023,Child,17-18 years,Female,Sexual Abuse,2.4,Social Service,6,1,1,0,0,4.0,1,1,1,0,1.0,0.95
2023,Child,0-6 years,Female,Emotional & Psychological Abuse,2.4,School,2,0,1,0,0,3.1,0,0,0,0,0.2,0.53
2023,Child,0-6 years,Female,Physical Abuse,2.4,School,4,1,1,1,0,4.5,1,0,1,0,0.8,0.79
2023,Child,0-6 years,Female,Physical Abuse,2.4,Hospital,3,0,1,1,0,5.0,0,0,0,0,0.2,0.64
2023,Child,0-6 years,Female,Physical Abuse,2.4,Hospital,4,1,1,1,0,5.0,1,0,1,0,0.8,0.79
2023,Child,0-6 years,Female,Physical Abuse,2.4,Social Service,6,0,1,1,0,4.7,1,1,0,0,0.4,0.79
2023,Child,7-12 years,Female,Neglect,2.4,School,3,0,1,0,1,2.9,0,0,0,0,0.2,0.55
2023,Child,0-6 years,Female,Physical Abuse,2.4,Social Service,6,1,1,1,0,4.6,1,0,1,0,1.0,0.89
2023,Child,7-12 years,Female,Emotional & Psychological Abuse,2.4,Social Service,4,0,1,0,0,2.4,0,0,0,0,0.2,0.63
2023,Child,7-12 years,Female,Physical Abuse,2.4,Social Service,6,0,1,1,0,4.0,1,0,0,0,0.4,0.79
2023,Child,0-6 years,Female,Physical Abuse,2.4,School,2,0,1,1,0,4.3,1,0,0,0,0.2,0.59
2023,Child,13-16 years,Female,Neglect,2.4,School,5,1,1,0,1,3.0,0,0,1,0,1.0,0.75
2023,Child,0-6 years,Female,Physical Abuse,2.4,School,6,1,1,1,0,4.6,1,1,1,0,1.0,0.89
2023,Child,7-12 years,Female,Emotional & Psychological Abuse,2.4,Hospital,4,0,1,0,0,3.2,0,0,0,0,0.2,0.63
2023,Child,13-16 years,Female,Physical Abuse,2.4,Social Service,6,0,1,1,0,4.1,1,0,0,0,0.4,0.79
2023,Child,7-12 years,Female,Physical Abuse,2.4,School,3,0,1,1,0,4.1,1,1,0,0,0.2,0.64
2023,Child,0-6 years,Female,Neglect,2.4,Hospital,3,0,1,0,1,4.5,1,1,0,0,0.2,0.55
2023,Child,7-12 years,Female,Physical Abuse,2.4,Social Service,3,0,1,1,0,3.9,1,0,0,0,0.2,0.64
2023,Child,7-12 years,Female,Neglect,2.4,School,6,1,1,0,1,3.0,1,1,1,0,1.0,0.8
2023,Child,7-12 years,Female,Neglect,2.4,School,2,0,1,0,1,2.9,1,0,0,0,0.2,0.5
2023,Child,7-12 years,Female,Emotional & Psychological Abuse,2.4,Police,5,0,1,0,0,3.5,0,0,0,0,0.4,0.68
2023,Child,7-12 years,Female,Physical Abuse,2.4,School,5,0,1,1,0,4.2,1,1,0,0,0.4,0.74
2023,Child,7-12 years,Female,Emotional & Psychological Abuse,2.4,Police,3,1,1,0,0,3.3,0,0,1,0,0.8,0.68
2023,Child,17-18 years,Female,Physical Abuse,2.4,School,2,0,1,1,0,3.6,1,1,0,0,0.2,0.59
2023,Child,0-6 years,Female,Physical Abuse,2.4,School,6,0,1,1,0,4.5,1,1,0,0,0.4,0.79
2023,Child,7-12 years,Female,Physical Abuse,2.4,Social Service,2,1,1,1,0,4.0,1,0,1,0,0.8,0.69
2023,Child,0-6 years,Female,Physical Abuse,2.4,School,2,0,1,1,0,4.3,1,1,0,0,0.2,0.59
2023,Child,0-6 years,Female,Physical Abuse,2.4,Hospital,5,0,1,1,0,5.0,1,1,0,0,0.4,0.74
2023,Child,17-18 years,Female,Physical Abuse,2.4,Police,3,0,1,1,0,4.2,1,1,0,0,0.2,0.64
2023,Child,7-12 years,Female,Emotional & Psychological Abuse,2.4,Social Service,6,0,1,0,0,2.6,0,0,0,0,0.4,0.73
2023,Child,0-6 years,Female,Physical Abuse,2.4,Police,5,0,1,1,0,5.0,1,1,0,0,0.4,0.74
2023,Child,0-6 years,Female,Physical Abuse,2.4,Social Service,3,1,1,1,0,4.6,1,1,1,0,0.8,0.74
2023,Child,7-12 years,Female,Neglect,2.4,Police,3,1,1,0,1,3.6,1,1,1,0,0.8,0.65
2023,Child,0-6 years,Female,Neglect,2.4,Hospital,3,1,1,0,1,4.2,0,0,1,0,0.8,0.65
2023,Child,7-12 years,Female,Physical Abuse,2.4,Hospital,2,0,1,1,0,4.7,1,1,0,0,0.2,0.59
2023,Child,7-12 years,Female,Emotional & Psychological Abuse,2.4,Hospital,6,1,1,0,0,3.2,0,0,1,0,1.0,0.83
2023,Child,7-12 years,Female,Neglect,2.4,Police,2,0,1,0,1,3.6,0,0,0,0,0.2,0.5
2023,Child,17-18 years,Female,Emotional & Psychological Abuse,2.4,Social Service,3,1,1,0,0,2.2,1,0,1,0,0.8,0.68
2023,Child,7-12 years,Female,Neglect,2.4,School,2,0,1,0,1,3.0,1,0,0,0,0.2,0.5
2023,Child,0-6 years,Female,Physical Abuse,2.4,School,4,0,1,1,0,4.4,0,0,0,0,0.2,0.69
2023,Child,0-6 years,Female,Physical Abuse,2.4,Hospital,5,0,1,1,0,5.0,1,1,0,0,0.4,0.74
2023,Child,13-16 years,Female,Sexual Abuse,2.4,Police,3,0,1,0,0,5.0,1,1,0,0,0.2,0.7
2023,Child,0-6 years,Female,Physical Abuse,2.4,Police,2,0,1,1,0,5.0,1,1,0,0,0.2,0.59
2023,Child,0-6 years,Female,Neglect,2.4,Social Service,3,0,1,0,1,3.5,0,0,0,0,0.2,0.55
2023,Child,0-6 years,Female,Physical Abuse,2.4,Social Service,5,1,1,1,0,4.7,1,1,1,0,1.0,0.84
2023,Child,7-12 years,Female,Neglect,2.4,School,2,1,1,0,1,3.0,1,0,1,0,0.8,0.6
2023,Child,0-6 years,Female,Emotional & Psychological Abuse,2.4,Social Service,2,0,1,0,0,3.2,1,1,0,0,0.2,0.53
2023,Child,7-12 years,Female,Emotional & Psychological Abuse,2.4,Social Service,4,0,1,0,0,2.6,0,0,0,0,0.2,0.63
2023,Child,0-6 years,Female,Physical Abuse,2.4,Social Service,2,0,1,1,0,4.4,0,0,0,0,0.2,0.59
2023,Child,0-6 years,Female,Emotional & Psychological Abuse,2.4,Hospital,6,1,1,0,0,4.0,1,1,1,0,1.0,0.83
2023,Child,13-16 years,Female,Sexual Abuse,2.4,Police,2,0,1,0,0,5.0,1,1,0,0,0.2,0.65
2023,Child,7-12 years,Female,Physical Abuse,2.4,Police,5,0,1,1,0,4.9,1,1,0,0,0.4,0.74
2023,Child,13-16 years,Female,Physical Abuse,2.4,Hospital,4,0,1,1,0,4.8,0,0,0,0,0.2,0.69
2023,Child,7-12 years,Female,Sexual Abuse,2.4,School,2,0,1,0,0,4.7,1,1,0,0,0.2,0.65
2023,Child,0-6 years,Female,Physical Abuse,2.4,School,4,1,1,1,0,4.6,1,1,1,0,0.8,0.79
2023,Child,13-16 years,Female,Sexual Abuse,2.4,School,6,0,1,0,0,4.6,1,1,0,0,0.4,0.85
2023,Child,7-12 years,Female,Physical Abuse,2.4,Police,2,1,1,1,0,4.9,1,1,1,0,0.8,0.69
2023,Child,13-16 years,Female,Neglect,2.4,School,2,0,1,0,1,2.9,0,0,0,0,0.2,0.5
2023,Child,0-6 years,Female,Physical Abuse,2.4,Hospital,5,1,1,1,0,5.0,1,0,1,0,1.0,0.84
2023,Child,7-12 years,Female,Physical Abuse,2.4,Hospital,5,1,1,1,0,4.8,0,0,1,0,1.0,0.84
2023,Child,7-12 years,Female,Neglect,2.4,School,6,0,1,0,1,2.9,1,0,0,0,0.4,0.7
2023,Child,0-6 years,Female,Emotional & Psychological Abuse,2.4,School,3,1,1,0,0,3.1,1,0,1,0,0.8,0.68
2023,Child,7-12 years,Female,Emotional & Psychological Abuse,2.4,School,6,0,1,0,0,2.4,0,0,0,0,0.4,0.73
2023,Child,13-16 years,Female,Neglect,2.4,School,2,0,1,0,1,3.2,1,1,0,0,0.2,0.5
2023,Child,0-6 years,Female,Neglect,2.4,Police,3,0,1,0,1,4.4,0,0,0,0,0.2,0.55
2023,Child,0-6 years,Female,Emotional & Psychological Abuse,2.4,Police,2,1,1,0,0,3.9,0,0,1,0,0.8,0.63
2023,Child,7-12 years,Female,Physical Abuse,2.4,Hospital,4,0,1,1,0,4.7,1,0,0,0,0.2,0.69
2023,Child,13-16 years,Female,Physical Abuse,2.4,School,2,0,1,1,0,4.1,1,1,0,0,0.2,0.59
2023,Child,7-12 years,Female,Physical Abuse,2.4,Hospital,5,1,1,1,0,5.0,1,1,1,0,1.0,0.84
2023,Child,7-12 years,Female,Physical Abuse,2.4,Hospital,2,1,1,1,0,4.8,1,1,1,0,0.8,0.69
2023,Child,17-18 years,Female,Neglect,2.4,Police,5,0,1,0,1,3.3,1,1,0,0,0.4,0.65
2023,Child,13-16 years,Female,Sexual Abuse,2.4,Hospital,6,0,1,0,0,5.0,1,1,0,0,0.4,0.85
2023,Child,0-6 years,Female,Neglect,2.4,School,4,0,1,0,1,3.4,0,0,0,0,0.2,0.6
2023,Child,0-6 years,Female,Physical Abuse,2.4,School,3,1,1,1,0,4.5,1,1,1,0,0.8,0.74
2023,Child,0-6 years,Female,Sexual Abuse,2.4,School,3,0,1,0,0,5.0,1,1,0,0,0.2,0.7
2023,Child,17-18 years,Female,Sexual Abuse,2.4,Police,6,0,1,0,0,4.7,0,0,0,0,0.4,0.85
2023,Child,7-12 years,Female,Physical Abuse,2.4,Social Service,3,0,1,1,0,3.9,1,1,0,0,0.2,0.64
2023,Child,0-6 years,Female,Emotional & Psychological Abuse,2.4,Hospital,5,0,1,0,0,3.6,0,0,0,0,0.4,0.68
2023,Child,13-16 years,Female,Physical Abuse,2.4,Hospital,4,1,1,1,0,4.6,0,0,1,0,0.8,0.79
2023,Child,0-6 years,Female,Physical Abuse,2.4,Police,6,0,1,1,0,5.0,1,0,0,0,0.4,0.79
2023,Child,0-6 years,Female,Physical Abuse,2.4,Police,3,0,1,1,0,5.0,1,1,0,0,0.2,0.64
2023,Child,7-12 years,Female,Physical Abuse,2.4,Social Service,2,1,1,1,0,4.0,1,1,1,0,0.8,0.69
2023,Child,13-16 years,Female,Physical Abuse,2.4,Police,6,0,1,1,0,5.0,1,1,0,0,0.4,0.79
2023,Child,7-12 years,Female,Emotional & Psychological Abuse,2.4,Police,5,0,1,0,0,3.3,0,0,0,0,0.4,0.68
2023,Child,7-12 years,Female,Neglect,2.4,School,4,0,1,0,1,2.9,0,0,0,0,0.2,0.6
2023,Child,7-12 years,Female,Physical Abuse,2.4,Hospital,5,0,1,1,0,4.8,1,1,0,0,0.4,0.74
2023,Child,7-12 years,Female,Emotional & Psychological Abuse,2.4,Police,4,1,1,0,0,3.3,0,0,1,0,0.8,0.73
2023,Child,13-16 years,Female,Sexual Abuse,2.4,School,5,0,1,0,0,4.3,1,0,0,0,0.4,0.8
2023,Child,7-12 years,Female,Physical Abuse,2.4,Police,6,0,1,1,0,4.9,1,1,0,0,0.4,0.79
2023,Child,0-6 years,Female,Neglect,2.4,School,6,0,1,0,1,3.4,0,0,0,0,0.4,0.7
2023,Child,13-16 years,Female,Emotional & Psychological Abuse,2.4,Social Service,4,0,1,0,0,2.5,0,0,0,0,0.2,0.63
2023,Child,0-6 years,Female,Physical Abuse,2.4,Social Service,4,1,1,1,0,4.6,1,1,1,0,0.8,0.79
2023,Child,0-6 years,Female,Neglect,2.4,School,2,0,1,0,1,3.4,0,0,0,0,0.2,0.5
2023,Child,13-16 years,Female,Physical Abuse,2.4,School,4,0,1,1,0,3.8,0,0,0,0,0.2,0.69
2023,Child,7-12 years,Female,Physical Abuse,2.4,School,3,0,1,1,0,4.1,1,1,0,0,0.2,0.64
2023,Child,0-6 years,Female,Emotional & Psychological Abuse,2.4,Social Service,3,0,1,0,0,3.0,0,0,0,0,0.2,0.58
2023,Child,7-12 years,Female,Physical Abuse,2.4,School,5,0,1,1,0,3.8,0,0,0,0,0.4,0.74
2023,Child,13-16 years,Female,Neglect,2.4,Hospital,6,0,1,0,1,4.0,1,1,0,0,0.4,0.7
2023,Child,0-6 years,Female,Physical Abuse,2.4,School,4,0,1,1,0,4.3,1,0,0,0,0.2,0.69
2023,Child,0-6 years,Female,Physical Abuse,2.4,School,4,0,1,1,0,4.6,1,1,0,0,0.2,0.69
2023,Child,13-16 years,Female,Physical Abuse,2.4,Police,4,0,1,1,0,5.0,1,1,0,0,0.2,0.69
2023,Child,0-6 years,Female,Neglect,2.4,Hospital,4,0,1,0,1,4.2,1,0,0,0,0.2,0.6
2023,Child,0-6 years,Female,Physical Abuse,2.4,Social Service,2,0,1,1,0,4.4,0,0,0,0,0.2,0.59
2024,Child,7-12 years,Male,Sexual Abuse,2.8,Police,4,0,1,0,0,5.0,1,0,0,0,0.2,0.783
2024,Child,7-12 years,Male,Physical Abuse,2.8,School,5,0,1,1,0,3.9,1,0,0,0,0.4,0.773
2024,Child,7-12 years,Male,Physical Abuse,2.8,Social Service,4,1,1,1,0,3.8,0,0,1,0,0.8,0.823
2024,Child,7-12 years,Male,Sexual Abuse,2.8,Social Service,5,0,1,0,0,4.6,1,1,0,0,0.4,0.833
2024,Child,13-16 years,Male,Physical Abuse,2.8,Police,3,0,1,1,0,4.6,0,0,0,0,0.2,0.673
2024,Child,7-12 years,Male,Physical Abuse,2.8,School,3,0,1,1,0,4.0,1,0,0,0,0.2,0.673
2024,Child,7-12 years,Male,Sexual Abuse,2.8,School,4,0,1,0,0,4.7,1,1,0,0,0.2,0.783
2024,Child,17-18 years,Male,Sexual Abuse,2.8,Hospital,2,0,1,0,0,4.9,1,1,0,0,0.2,0.683
2024,Child,7-12 years,Male,Sexual Abuse,2.8,Police,4,0,1,0,0,5.0,1,1,0,0,0.2,0.783
2024,Child,0-6 years,Male,Emotional & Psychological Abuse,2.8,Hospital,3,1,1,0,0,3.7,0,0,1,0,0.8,0.713
2024,Child,0-6 years,Male,Physical Abuse,2.8,School,2,1,1,1,0,4.5,1,0,1,0,0.8,0.723
2024,Child,0-6 years,Male,Physical Abuse,2.8,School,3,0,1,1,0,4.5,1,1,0,0,0.2,0.673
2024,Child,0-6 years,Male,Physical Abuse,2.8,School,3,0,1,1,0,4.5,1,1,0,0,0.2,0.673
2024,Child,13-16 years,Male,Physical Abuse,2.8,Police,4,0,1,1,0,4.7,1,0,0,0,0.2,0.723
2024,Child,7-12 years,Male,Physical Abuse,2.8,Social Service,4,1,1,1,0,4.2,1,1,1,0,0.8,0.823
2024,Child,17-18 years,Male,Sexual Abuse,2.8,School,6,0,1,0,0,4.0,1,1,0,0,0.4,0.883
2024,Child,7-12 years,Male,Sexual Abuse,2.8,Social Service,6,0,1,0,0,4.4,0,0,0,0,0.4,0.883
2024,Child,0-6 years,Male,Physical Abuse,2.8,School,5,0,1,1,0,4.4,0,0,0,0,0.4,0.773
2024,Child,0-6 years,Male,Physical Abuse,2.8,School,5,0,1,1,0,4.5,1,1,0,0,0.4,0.773
2024,Child,17-18 years,Male,Sexual Abuse,2.8,Police,2,1,1,0,0,4.9,1,1,1,0,0.8,0.783
2024,Child,0-6 years,Male,Physical Abuse,2.8,School,3,1,1,1,0,4.6,1,1,1,0,0.8,0.773
2024,Child,13-16 years,Male,Physical Abuse,2.8,Police,4,0,1,1,0,4.9,1,0,0,0,0.2,0.723
2024,Child,0-6 years,Male,Emotional & Psychological Abuse,2.8,School,5,0,1,0,0,2.8,0,0,0,0,0.4,0.713
2024,Child,0-6 years,Male,Sexual Abuse,2.8,Police,5,1,1,0,0,5.0,1,0,1,0,1.0,0.933
2024,Child,7-12 years,Male,Physical Abuse,2.8,Hospital,5,0,1,1,0,4.8,0,0,0,0,0.4,0.773
2024,Child,0-6 years,Male,Physical Abuse,2.8,School,3,1,1,1,0,4.3,0,0,1,0,0.8,0.773
2024,Child,13-16 years,Male,Physical Abuse,2.8,Police,5,1,1,1,0,4.7,1,0,1,0,1.0,0.873
2024,Child,0-6 years,Male,Physical Abuse,2.8,Police,5,0,1,1,0,5.0,1,0,0,0,0.4,0.773
2024,Child,17-18 years,Male,Sexual Abuse,2.8,Hospital,2,0,1,0,0,4.7,1,0,0,0,0.2,0.683
2024,Child,0-6 years,Male,Emotional & Psychological Abuse,2.8,School,6,0,1,0,0,3.0,0,0,0,0,0.4,0.763
2024,Child,0-6 years,Male,Physical Abuse,2.8,Police,3,0,1,1,0,5.0,1,0,0,0,0.2,0.673
2024,Child,7-12 years,Male,Physical Abuse,2.8,Social Service,5,0,1,1,0,3.8,0,0,0,0,0.4,0.773
2024,Child,0-6 years,Male,Physical Abuse,2.8,School,5,0,1,1,0,4.4,1,1,0,0,0.4,0.773
2024,Child,0-6 years,Male,Emotional & Psychological Abuse,2.8,School,5,0,1,0,0,3.2,0,0,0,0,0.4,0.713
2024,Child,7-12 years,Male,Physical Abuse,2.8,Police,3,0,1,1,0,4.9,1,1,0,0,0.2,0.673
2024,Child,17-18 years,Male,Physical Abuse,2.8,Hospital,4,0,1,1,0,4.5,1,1,0,0,0.2,0.723
2024,Child,13-16 years,Male,Physical Abuse,2.8,School,6,0,1,1,0,4.0,1,1,0,0,0.4,0.823
2024,Child,0-6 years,Male,Physical Abuse,2.8,School,5,1,1,1,0,4.3,1,0,1,0,1.0,0.873
2024,Child,7-12 years,Male,Physical Abuse,2.8,Police,3,0,1,1,0,4.8,1,0,0,0,0.2,0.673
2024,Child,7-12 years,Male,Physical Abuse,2.8,Social Service,3,1,1,1,0,4.0,1,0,1,0,0.8,0.773
2024,Child,0-6 years,Male,Physical Abuse,2.8,Police,5,0,1,1,0,5.0,1,1,0,0,0.4,0.773
2024,Child,0-6 years,Male,Emotional & Psychological Abuse,2.8,Social Service,6,0,1,0,0,2.8,0,0,0,0,0.4,0.763
2024,Child,7-12 years,Male,Sexual Abuse,2.8,Social Service,5,0,1,0,0,4.5,1,0,0,0,0.4,0.833
2024,Child,0-6 years,Male,Emotional & Psychological Abuse,2.8,Social Service,5,0,1,0,0,2.9,0,0,0,0,0.4,0.713
2024,Child,0-6 years,Male,Emotional & Psychological Abuse,2.8,Social Service,5,0,1,0,0,2.9,0,0,0,0,0.4,0.713
2024,Child,7-12 years,Male,Physical Abuse,2.8,Social Service,2,1,1,1,0,4.1,1,0,1,0,0.8,0.723
2024,Child,0-6 years,Male,Emotional & Psychological Abuse,2.8,Social Service,5,0,1,0,0,3.0,0,0,0,0,0.4,0.713
2024,Child,7-12 years,Male,Physical Abuse,2.8,Hospital,2,0,1,1,0,4.8,1,1,0,0,0.2,0.623
2024,Child,0-6 years,Male,Emotional & Psychological Abuse,2.8,School,5,0,1,0,0,3.0,0,0,0,0,0.4,0.713
2024,Child,0-6 years,Male,Physical Abuse,2.8,School,6,0,1,1,0,4.5,1,1,0,0,0.4,0.823
2024,Child,13-16 years,Male,Physical Abuse,2.8,Police,5,1,1,1,0,4.9,1,1,1,0,1.0,0.873
2024,Child,0-6 years,Male,Physical Abuse,2.8,School,5,0,1,1,0,4.7,1,1,0,0,0.4,0.773
2024,Child,7-12 years,Male,Physical Abuse,2.8,Social Service,3,0,1,1,0,4.2,1,1,0,0,0.2,0.673
2024,Child,7-12 years,Male,Physical Abuse,2.8,Hospital,2,0,1,1,0,4.9,1,1,0,0,0.2,0.623
2024,Child,13-16 years,Male,Physical Abuse,2.8,School,5,1,1,1,0,3.9,1,1,1,0,1.0,0.873
2024,Child,17-18 years,Male,Sexual Abuse,2.8,Hospital,2,0,1,0,0,4.9,1,1,0,0,0.2,0.683
2024,Child,0-6 years,Male,Physical Abuse,2.8,Police,3,0,1,1,0,5.0,1,1,0,0,0.2,0.673
2024,Child,0-6 years,Male,Physical Abuse,2.8,Hospital,2,0,1,1,0,5.0,0,0,0,0,0.2,0.623
2024,Child,7-12 years,Male,Physical Abuse,2.8,Police,4,0,1,1,0,4.9,1,1,0,0,0.2,0.723
2024,Child,17-18 years,Male,Physical Abuse,2.8,School,2,0,1,1,0,3.3,0,0,0,0,0.2,0.623
2024,Child,7-12 years,Male,Physical Abuse,2.8,Police,3,0,1,1,0,5.0,1,1,0,0,0.2,0.673
2024,Child,0-6 years,Male,Physical Abuse,2.8,Police,5,0,1,1,0,5.0,0,0,0,0,0.4,0.773
2024,Child,0-6 years,Male,Emotional & Psychological Abuse,2.8,School,6,0,1,0,0,3.1,0,0,0,0,0.4,0.763
2024,Child,0-6 years,Male,Physical Abuse,2.8,Police,5,1,1,1,0,5.0,1,1,1,0,1.0,0.873
2024,Child,13-16 years,Male,Physical Abuse,2.8,Police,3,0,1,1,0,5.0,1,1,0,0,0.2,0.673
2024,Child,17-18 years,Male,Sexual Abuse,2.8,Police,2,1,1,0,0,4.9,1,1,1,0,0.8,0.783
2024,Child,0-6 years,Male,Physical Abuse,2.8,School,3,1,1,1,0,4.5,1,1,1,0,0.8,0.773
2024,Child,13-16 years,Male,Sexual Abuse,2.8,Hospital,3,1,1,0,0,5.0,1,0,1,0,0.8,0.833
2024,Child,7-12 years,Male,Physical Abuse,2.8,Social Service,3,1,1,1,0,4.0,1,1,1,0,0.8,0.773
2024,Child,0-6 years,Male,Physical Abuse,2.8,Police,5,0,1,1,0,5.0,1,1,0,0,0.4,0.773
2024,Child,13-16 years,Male,Physical Abuse,2.8,School,2,0,1,1,0,4.1,1,0,0,0,0.2,0.623
2024,Child,0-6 years,Male,Sexual Abuse,2.8,Hospital,5,0,1,0,0,5.0,1,1,0,0,0.4,0.833
2024,Child,0-6 years,Male,Physical Abuse,2.8,School,2,0,1,1,0,4.6,1,1,0,0,0.2,0.623
2024,Child,7-12 years,Male,Physical Abuse,2.8,Social Service,2,1,1,1,0,3.8,0,0,1,0,0.8,0.723
2024,Child,0-6 years,Male,Sexual Abuse,2.8,Police,2,1,1,0,0,5.0,1,1,1,0,0.8,0.783
2024,Child,17-18 years,Male,Physical Abuse,2.8,School,4,0,1,1,0,3.6,1,1,0,0,0.2,0.723
2024,Child,7-12 years,Male,Physical Abuse,2.8,Hospital,3,0,1,1,0,4.6,0,0,0,0,0.2,0.673
2024,Child,7-12 years,Male,Physical Abuse,2.8,School,5,0,1,1,0,3.8,1,0,0,0,0.4,0.773
2024,Child,7-12 years,Male,Physical Abuse,2.8,Hospital,4,1,1,1,0,4.6,0,0,1,0,0.8,0.823
2024,Child,17-18 years,Male,Sexual Abuse,2.8,School,6,0,1,0,0,4.2,1,1,0,0,0.4,0.883
2024,Child,17-18 years,Male,Physical Abuse,2.8,School,2,0,1,1,0,3.6,1,1,0,0,0.2,0.623
2024,Child,0-6 years,Male,Physical Abuse,2.8,School,3,1,1,1,0,4.4,1,1,1,0,0.8,0.773
2024,Child,13-16 years,Male,Physical Abuse,2.8,Police,2,0,1,1,0,4.7,0,0,0,0,0.2,0.623
2024,Child,0-6 years,Male,Physical Abuse,2.8,School,4,0,1,1,0,4.4,0,0,0,0,0.2,0.723
2024,Child,7-12 years,Male,Physical Abuse,2.8,Social Service,6,0,1,1,0,4.1,1,1,0,0,0.4,0.823
2024,Child,17-18 years,Male,Physical Abuse,2.8,School,2,0,1,1,0,3.6,1,0,0,0,0.2,0.623
2024,Child,0-6 years,Male,Physical Abuse,2.8,School,4,0,1,1,0,4.4,1,1,0,0,0.2,0.723
2024,Child,7-12 years,Male,Physical Abuse,2.8,Social Service,4,1,1,1,0,3.9,0,0,1,0,0.8,0.823
2024,Child,13-16 years,Male,Sexual Abuse,2.8,School,5,0,1,0,0,4.3,1,0,0,0,0.4,0.833
2024,Child,7-12 years,Male,Neglect,2.8,Police,4,0,1,0,1,3.9,0,0,0,0,0.2,0.633
2024,Child,13-16 years,Male,Physical Abuse,2.8,Police,3,0,1,1,0,4.9,1,1,0,0,0.2,0.673
2024,Child,0-6 years,Male,Sexual Abuse,2.8,Hospital,5,0,1,0,0,5.0,0,0,0,0,0.4,0.833
2024,Child,13-16 years,Male,Physical Abuse,2.8,School,5,0,1,1,0,3.8,0,0,0,0,0.4,0.773
2024,Child,0-6 years,Male,Neglect,2.8,Police,3,0,1,0,1,4.1,0,0,0,0,0.2,0.583
2024,Child,0-6 years,Male,Emotional & Psychological Abuse,2.8,Social Service,5,0,1,0,0,3.2,0,0,0,0,0.4,0.713
2024,Child,7-12 years,Male,Neglect,2.8,Social Service,4,1,1,0,1,2.9,1,1,1,0,0.8,0.733
2024,Child,0-6 years,Male,Emotional & Psychological Abuse,2.8,School,6,0,1,0,0,3.1,0,0,0,0,0.4,0.763
2024,Child,13-16 years,Male,Physical Abuse,2.8,School,5,1,1,1,0,4.0,1,1,1,0,1.0,0.873
2024,Child,13-16 years,Male,Physical Abuse,2.8,School,6,0,1,1,0,4.0,1,1,0,0,0.4,0.823
2024,Child,7-12 years,Male,Sexual Abuse,2.8,Social Service,5,0,1,0,0,4.4,0,0,0,0,0.4,0.833
2024,Child,7-12 years,Male,Neglect,2.8,School,3,0,1,0,1,2.8,0,0,0,0,0.2,0.583
2024,Child,17-18 years,Male,Neglect,2.8,School,4,0,1,0,1,2.5,1,1,0,0,0.2,0.633
2024,Child,0-6 years,Male,Physical Abuse,2.8,School,2,1,1,1,0,4.6,1,1,1,0,0.8,0.723
2024,Child,0-6 years,Male,Emotional & Psychological Abuse,2.8,Social Service,5,0,1,0,0,3.1,0,0,0,0,0.4,0.713
2024,Child,0-6 years,Male,Physical Abuse,2.8,School,2,1,1,1,0,4.5,1,0,1,0,0.8,0.723
2024,Child,7-12 years,Male,Neglect,2.8,Police,6,1,1,0,1,3.6,0,0,1,0,1.0,0.833
2024,Child,0-6 years,Male,Emotional & Psychological Abuse,2.8,Social Service,6,0,1,0,0,3.2,1,1,0,0,0.4,0.763
2024,Child,13-16 years,Male,Physical Abuse,2.8,Police,3,0,1,1,0,4.9,1,1,0,0,0.2,0.673
2024,Child,7-12 years,Male,Physical Abuse,2.8,School,2,1,1,1,0,3.9,0,0,1,0,0.8,0.723
2024,Child,17-18 years,Male,Sexual Abuse,2.8,Police,2,1,1,0,0,5.0,1,1,1,0,0.8,0.783
2024,Child,7-12 years,Male,Sexual Abuse,2.8,Social Service,6,0,1,0,0,4.5,1,1,0,0,0.4,0.883
2024,Child,7-12 years,Male,Neglect,2.8,Social Service,4,0,1,0,1,3.0,1,0,0,0,0.2,0.633
2024,Child,7-12 years,Male,Physical Abuse,2.8,Police,3,0,1,1,0,4.9,1,1,0,0,0.2,0.673
2024,Child,0-6 years,Male,Physical Abuse,2.8,Police,5,0,1,1,0,5.0,1,1,0,0,0.4,0.773
2024,Child,13-16 years,Male,Physical Abuse,2.8,Police,3,0,1,1,0,4.9,1,0,0,0,0.2,0.673
2024,Child,7-12 years,Male,Neglect,2.8,Social Service,4,1,1,0,1,2.9,0,0,1,0,0.8,0.733
2024,Child,0-6 years,Male,Sexual Abuse,2.8,School,5,0,1,0,0,4.9,1,0,0,0,0.4,0.833
2024,Child,7-12 years,Male,Sexual Abuse,2.8,Social Service,5,0,1,0,0,4.7,1,1,0,0,0.4,0.833
2024,Child,0-6 years,Male,Neglect,2.8,School,5,1,1,0,1,3.4,1,0,1,0,1.0,0.783
2024,Child,7-12 years,Male,Neglect,2.8,Hospital,2,0,1,0,1,3.7,0,0,0,0,0.2,0.533
2024,Child,7-12 years,Male,Physical Abuse,2.8,Police,3,0,1,1,0,4.8,1,0,0,0,0.2,0.673
2024,Child,13-16 years,Male,Physical Abuse,2.8,School,2,0,1,1,0,4.0,1,1,0,0,0.2,0.623
2024,Child,0-6 years,Male,Physical Abuse,2.8,Police,5,1,1,1,0,5.0,1,1,1,0,1.0,0.873
2024,Child,13-16 years,Male,Physical Abuse,2.8,Police,4,0,1,1,0,5.0,1,1,0,0,0.2,0.723
2024,Child,0-6 years,Male,Physical Abuse,2.8,Hospital,5,0,1,1,0,5.0,1,0,0,0,0.4,0.773
2024,Child,0-6 years,Male,Emotional & Psychological Abuse,2.8,School,5,0,1,0,0,2.8,0,0,0,0,0.4,0.713
2024,Child,0-6 years,Male,Physical Abuse,2.8,School,2,0,1,1,0,4.4,1,0,0,0,0.2,0.623
2024,Child,13-16 years,Male,Physical Abuse,2.8,Police,4,0,1,1,0,5.0,1,1,0,0,0.2,0.723
2024,Child,13-16 years,Male,Sexual Abuse,2.8,School,5,0,1,0,0,4.6,1,0,0,0,0.4,0.833
2024,Child,7-12 years,Male,Neglect,2.8,Police,5,0,1,0,1,3.7,0,0,0,0,0.4,0.683
2024,Child,7-12 years,Male,Physical Abuse,2.8,Hospital,3,0,1,1,0,4.9,1,1,0,0,0.2,0.673
2024,Child,0-6 years,Male,Physical Abuse,2.8,School,2,0,1,1,0,4.6,1,1,0,0,0.2,0.623
2024,Child,0-6 years,Male,Sexual Abuse,2.8,Police,2,1,1,0,0,5.0,1,1,1,0,0.8,0.783
2024,Child,0-6 years,Male,Sexual Abuse,2.8,Police,2,1,1,0,0,5.0,1,1,1,0,0.8,0.783
2024,Child,0-6 years,Male,Emotional & Psychological Abuse,2.8,School,6,0,1,0,0,2.9,0,0,0,0,0.4,0.763
2024,Child,0-6 years,Male,Physical Abuse,2.8,Social Service,5,1,1,1,0,4.6,1,1,1,0,1.0,0.873
2024,Child,7-12 years,Male,Physical Abuse,2.8,Social Service,6,0,1,1,0,4.0,1,0,0,0,0.4,0.823
2024,Child,7-12 years,Male,Sexual Abuse,2.8,Police,4,0,1,0,0,5.0,1,1,0,0,0.2,0.783
2024,Child,7-12 years,Male,Neglect,2.8,Social Service,4,1,1,0,1,3.1,1,0,1,0,0.8,0.733
2024,Child,13-16 years,Female,Physical Abuse,2.8,Social Service,2,0,1,1,0,4.1,1,1,0,0,0.2,0.623
2024,Child,0-6 years,Female,Physical Abuse,2.8,Police,5,0,1,1,0,5.0,1,0,0,0,0.4,0.773
2024,Child,13-16 years,Female,Emotional & Psychological Abuse,2.8,Social Service,2,1,1,0,0,2.4,0,0,1,0,0.8,0.663
2024,Child,7-12 years,Female,Physical Abuse,2.8,Hospital,6,0,1,1,0,4.8,1,1,0,0,0.4,0.823
2024,Child,13-16 years,Female,Sexual Abuse,2.8,Hospital,4,0,1,0,0,5.0,1,1,0,0,0.2,0.783
2024,Child,13-16 years,Female,Neglect,2.8,Social Service,5,0,1,0,1,3.2,1,1,0,0,0.4,0.683
2024,Child,0-6 years,Female,Physical Abuse,2.8,School,3,0,1,1,0,4.3,0,0,0,0,0.2,0.673
2024,Child,0-6 years,Female,Emotional & Psychological Abuse,2.8,Social Service,2,1,1,0,0,2.9,0,0,1,0,0.8,0.663
2024,Child,13-16 years,Female,Physical Abuse,2.8,Social Service,6,1,1,1,0,3.9,1,0,1,0,1.0,0.923
2024,Child,17-18 years,Female,Neglect,2.8,School,2,0,1,0,1,2.6,1,0,0,0,0.2,0.533
2024,Child,7-12 years,Female,Neglect,2.8,Hospital,3,0,1,0,1,3.9,1,1,0,0,0.2,0.583
2024,Child,13-16 years,Female,Neglect,2.8,Social Service,4,0,1,0,1,2.9,0,0,0,0,0.2,0.633
2024,Child,7-12 years,Female,Physical Abuse,2.8,Social Service,4,0,1,1,0,4.0,1,1,0,0,0.2,0.723
2024,Child,7-12 years,Female,Sexual Abuse,2.8,School,4,0,1,0,0,4.6,1,1,0,0,0.2,0.783
2024,Child,0-6 years,Female,Physical Abuse,2.8,School,6,0,1,1,0,4.6,1,0,0,0,0.4,0.823
2024,Child,17-18 years,Female,Physical Abuse,2.8,Police,3,0,1,1,0,4.3,1,0,0,0,0.2,0.673
2024,Child,0-6 years,Female,Physical Abuse,2.8,School,6,0,1,1,0,4.5,1,1,0,0,0.4,0.823
2024,Child,7-12 years,Female,Physical Abuse,2.8,School,4,0,1,1,0,4.0,1,0,0,0,0.2,0.723
2024,Child,0-6 years,Female,Physical Abuse,2.8,Hospital,5,0,1,1,0,5.0,1,0,0,0,0.4,0.773
2024,Child,13-16 years,Female,Neglect,2.8,School,2,0,1,0,1,3.0,1,1,0,0,0.2,0.533
2024,Child,7-12 years,Female,Physical Abuse,2.8,School,4,0,1,1,0,4.1,1,1,0,0,0.2,0.723
2024,Child,13-16 years,Female,Neglect,2.8,Police,2,1,1,0,1,3.9,1,1,1,0,0.8,0.633
2024,Child,13-16 years,Female,Neglect,2.8,Hospital,2,0,1,0,1,3.9,0,0,0,0,0.2,0.533
2024,Child,13-16 years,Female,Sexual Abuse,2.8,School,5,0,1,0,0,4.6,1,1,0,0,0.4,0.833
2024,Child,0-6 years,Female,Physical Abuse,2.8,Social Service,3,0,1,1,0,4.4,0,0,0,0,0.2,0.673
2024,Child,0-6 years,Female,Emotional & Psychological Abuse,2.8,Police,3,0,1,0,0,3.8,0,0,0,0,0.2,0.613
2024,Child,0-6 years,Female,Physical Abuse,2.8,Police,2,0,1,1,0,5.0,0,0,0,0,0.2,0.623
2024,Child,0-6 years,Female,Emotional & Psychological Abuse,2.8,Police,5,0,1,0,0,3.7,0,0,0,0,0.4,0.713
2024,Child,7-12 years,Female,Neglect,2.8,Hospital,6,1,1,0,1,3.9,0,0,1,0,1.0,0.833
2024,Child,13-16 years,Female,Neglect,2.8,Hospital,5,0,1,0,1,4.0,1,1,0,0,0.4,0.683
2024,Child,7-12 years,Female,Physical Abuse,2.8,School,3,0,1,1,0,3.8,1,0,0,0,0.2,0.673
2024,Child,13-16 years,Female,Neglect,2.8,Social Service,4,0,1,0,1,3.0,0,0,0,0,0.2,0.633
2024,Child,13-16 years,Female,Physical Abuse,2.8,Police,6,0,1,1,0,4.9,1,1,0,0,0.4,0.823
2024,Child,13-16 years,Female,Neglect,2.8,School,6,0,1,0,1,2.9,0,0,0,0,0.4,0.733
2024,Child,7-12 years,Female,Emotional & Psychological Abuse,2.8,Hospital,5,1,1,0,0,3.3,0,0,1,0,1.0,0.813
2024,Child,13-16 years,Female,Sexual Abuse,2.8,Social Service,5,0,1,0,0,4.6,1,1,0,0,0.4,0.833
2024,Child,0-6 years,Female,Physical Abuse,2.8,School,3,0,1,1,0,4.5,1,1,0,0,0.2,0.673
2024,Child,7-12 years,Female,Physical Abuse,2.8,Police,4,0,1,1,0,4.7,0,0,0,0,0.2,0.723
2024,Child,7-12 years,Female,Physical Abuse,2.8,Social Service,2,0,1,1,0,3.9,1,1,0,0,0.2,0.623
2024,Child,13-16 years,Female,Physical Abuse,2.8,Social Service,3,0,1,1,0,4.1,1,1,0,0,0.2,0.673
2024,Child,13-16 years,Female,Physical Abuse,2.8,Police,4,0,1,1,0,4.8,1,1,0,0,0.2,0.723
2024,Child,7-12 years,Female,Emotional & Psychological Abuse,2.8,School,3,1,1,0,0,2.3,0,0,1,0,0.8,0.713
2024,Child,7-12 years,Female,Sexual Abuse,2.8,School,4,0,1,0,0,4.6,1,1,0,0,0.2,0.783
2024,Child,0-6 years,Female,Neglect,2.8,School,5,1,1,0,1,3.3,0,0,1,0,1.0,0.783
2024,Child,0-6 years,Female,Physical Abuse,2.8,Police,3,0,1,1,0,5.0,1,1,0,0,0.2,0.673
2024,Child,0-6 years,Female,Sexual Abuse,2.8,Social Service,6,0,1,0,0,4.9,1,0,0,0,0.4,0.883
2024,Child,0-6 years,Female,Emotional & Psychological Abuse,2.8,Social Service,4,0,1,0,0,3.2,1,1,0,0,0.2,0.663
2024,Child,7-12 years,Female,Emotional & Psychological Abuse,2.8,Social Service,5,0,1,0,0,2.4,0,0,0,0,0.4,0.713
2024,Child,13-16 years,Female,Neglect,2.8,School,2,0,1,0,1,2.9,1,0,0,0,0.2,0.533
2024,Child,0-6 years,Female,Emotional & Psychological Abuse,2.8,Hospital,5,0,1,0,0,3.7,0,0,0,0,0.4,0.713
2024,Child,7-12 years,Female,Physical Abuse,2.8,Social Service,4,1,1,1,0,3.9,1,1,1,0,0.8,0.823
2024,Child,7-12 years,Female,Sexual Abuse,2.8,School,5,1,1,0,0,4.7,1,1,1,0,1.0,0.933
2024,Child,13-16 years,Female,Emotional & Psychological Abuse,2.8,Social Service,5,0,1,0,0,2.7,1,1,0,0,0.4,0.713
2024,Child,7-12 years,Female,Neglect,2.8,Hospital,6,1,1,0,1,3.7,1,0,1,0,1.0,0.833
2024,Child,13-16 years,Female,Physical Abuse,2.8,Hospital,4,0,1,1,0,4.8,0,0,0,0,0.2,0.723
2024,Child,13-16 years,Female,Neglect,2.8,Hospital,6,0,1,0,1,3.9,0,0,0,0,0.4,0.733
2024,Child,7-12 years,Female,Physical Abuse,2.8,School,3,0,1,1,0,4.2,1,1,0,0,0.2,0.673
2024,Child,7-12 years,Female,Emotional & Psychological Abuse,2.8,Social Service,6,0,1,0,0,2.5,0,0,0,0,0.4,0.763
2024,Child,0-6 years,Female,Neglect,2.8,School,5,0,1,0,1,3.5,0,0,0,0,0.4,0.683
2024,Child,0-6 years,Female,Physical Abuse,2.8,Police,4,1,1,1,0,5.0,0,0,1,0,0.8,0.823
2024,Child,0-6 years,Female,Physical Abuse,2.8,School,3,0,1,1,0,4.6,1,1,0,0,0.2,0.673
2024,Child,0-6 years,Female,Physical Abuse,2.8,Social Service,6,0,1,1,0,4.3,0,0,0,0,0.4,0.823
2024,Child,0-6 years,Female,Emotional & Psychological Abuse,2.8,Social Service,4,0,1,0,0,3.0,0,0,0,0,0.2,0.663
2024,Child,7-12 years,Female,Physical Abuse,2.8,Hospital,3,1,1,1,0,4.7,1,0,1,0,0.8,0.773
2024,Child,0-6 years,Female,Physical Abuse,2.8,School,6,0,1,1,0,4.6,1,1,0,0,0.4,0.823
2024,Child,13-16 years,Female,Physical Abuse,2.8,Social Service,3,1,1,1,0,3.8,1,0,1,0,0.8,0.773
2024,Child,7-12 years,Female,Neglect,2.8,Hospital,4,0,1,0,1,3.8,0,0,0,0,0.2,0.633
2024,Child,7-12 years,Female,Physical Abuse,2.8,Police,6,0,1,1,0,4.8,1,0,0,0,0.4,0.823
2024,Child,0-6 years,Female,Neglect,2.8,School,5,0,1,0,1,3.6,0,0,0,0,0.4,0.683
2024,Child,7-12 years,Female,Physical Abuse,2.8,Hospital,6,0,1,1,0,4.6,1,0,0,0,0.4,0.823
2024,Child,7-12 years,Female,Physical Abuse,2.8,School,2,1,1,1,0,4.0,1,0,1,0,0.8,0.723
2024,Child,13-16 years,Female,Sexual Abuse,2.8,School,4,1,1,0,0,4.5,1,1,1,0,0.8,0.883
2024,Child,0-6 years,Female,Neglect,2.8,School,3,0,1,0,1,3.5,0,0,0,0,0.2,0.583
2024,Child,17-18 years,Female,Physical Abuse,2.8,Social Service,6,1,1,1,0,3.5,1,0,1,0,1.0,0.923
2024,Child,7-12 years,Female,Physical Abuse,2.8,Social Service,3,0,1,1,0,4.1,1,1,0,0,0.2,0.673
2024,Child,13-16 years,Female,Physical Abuse,2.8,School,3,0,1,1,0,4.1,1,1,0,0,0.2,0.673
2024,Child,0-6 years,Female,Neglect,2.8,Social Service,4,0,1,0,1,3.4,0,0,0,0,0.2,0.633
2024,Child,0-6 years,Female,Emotional & Psychological Abuse,2.8,School,5,0,1,0,0,3.1,0,0,0,0,0.4,0.713
2024,Child,13-16 years,Female,Neglect,2.8,Police,4,0,1,0,1,3.8,0,0,0,0,0.2,0.633
2024,Child,0-6 years,Female,Emotional & Psychological Abuse,2.8,Social Service,4,1,1,0,0,2.8,0,0,1,0,0.8,0.763
2024,Child,7-12 years,Female,Sexual Abuse,2.8,Social Service,4,1,1,0,0,4.3,1,1,1,0,0.8,0.883
2024,Child,7-12 years,Female,Emotional & Psychological Abuse,2.8,School,5,1,1,0,0,2.4,1,0,1,0,1.0,0.813
2024,Child,13-16 years,Female,Sexual Abuse,2.8,Social Service,5,0,1,0,0,4.6,1,1,0,0,0.4,0.833
2024,Child,0-6 years,Female,Physical Abuse,2.8,School,5,0,1,1,0,4.6,1,1,0,0,0.4,0.773
2024,Child,7-12 years,Female,Neglect,2.8,Hospital,2,0,1,0,1,3.9,0,0,0,0,0.2,0.533
2024,Child,0-6 years,Female,Neglect,2.8,Police,2,1,1,0,1,4.3,0,0,1,0,0.8,0.633
2024,Child,0-6 years,Female,Physical Abuse,2.8,Social Service,2,1,1,1,0,4.5,1,1,1,0,0.8,0.723
2024,Child,7-12 years,Female,Sexual Abuse,2.8,Hospital,6,0,1,0,0,5.0,0,0,0,0,0.4,0.883
2024,Child,7-12 years,Female,Physical Abuse,2.8,Hospital,4,0,1,1,0,4.7,0,0,0,0,0.2,0.723
2024,Child,7-12 years,Female,Sexual Abuse,2.8,Social Service,6,0,1,0,0,4.5,1,0,0,0,0.4,0.883
2024,Child,13-16 years,Female,Emotional & Psychological Abuse,2.8,Social Service,5,0,1,0,0,2.3,0,0,0,0,0.4,0.713
2024,Child,0-6 years,Female,Physical Abuse,2.8,Police,6,0,1,1,0,5.0,1,1,0,0,0.4,0.823
2024,Child,0-6 years,Female,Emotional & Psychological Abuse,2.8,Social Service,4,1,1,0,0,3.0,0,0,1,0,0.8,0.763
2024,Child,7-12 years,Female,Physical Abuse,2.8,Hospital,6,0,1,1,0,4.9,1,0,0,0,0.4,0.823
2024,Child,7-12 years,Female,Physical Abuse,2.8,Hospital,4,0,1,1,0,5.0,1,1,0,0,0.2,0.723
2024,Child,0-6 years,Female,Physical Abuse,2.8,Hospital,4,0,1,1,0,5.0,1,1,0,0,0.2,0.723
2024,Child,7-12 years,Female,Neglect,2.8,Police,5,1,1,0,1,3.9,0,0,1,0,1.0,0.783
2024,Child,13-16 years,Female,Physical Abuse,2.8,Hospital,5,1,1,1,0,4.8,1,1,1,0,1.0,0.873
2024,Child,7-12 years,Female,Physical Abuse,2.8,Police,6,0,1,1,0,4.9,1,1,0,0,0.4,0.823
2024,Child,7-12 years,Female,Physical Abuse,2.8,School,6,1,1,1,0,4.1,1,1,1,0,1.0,0.923
2024,Child,0-6 years,Female,Neglect,2.8,School,4,1,1,0,1,3.3,0,0,1,0,0.8,0.733
2024,Child,13-16 years,Female,Neglect,2.8,Social Service,4,1,1,0,1,3.0,0,0,1,0,0.8,0.733
2024,Child,13-16 years,Female,Neglect,2.8,Social Service,2,1,1,0,1,3.1,1,1,1,0,0.8,0.633
2024,Child,0-6 years,Female,Physical Abuse,2.8,Hospital,2,1,1,1,0,5.0,1,1,1,0,0.8,0.723
2024,Child,0-6 years,Female,Neglect,2.8,School,2,0,1,0,1,3.5,0,0,0,0,0.2,0.533
2024,Child,13-16 years,Female,Emotional & Psychological Abuse,2.8,School,2,1,1,0,0,2.5,1,0,1,0,0.8,0.663
2024,Child,0-6 years,Female,Sexual Abuse,2.8,School,4,0,1,0,0,4.9,1,0,0,0,0.2,0.783
2024,Child,7-12 years,Female,Physical Abuse,2.8,Police,6,0,1,1,0,4.7,1,1,0,0,0.4,0.823
2024,Child,7-12 years,Female,Physical Abuse,2.8,Hospital,4,1,1,1,0,4.7,1,1,1,0,0.8,0.823
2024,Child,7-12 years,Female,Sexual Abuse,2.8,School,5,0,1,0,0,4.3,0,0,0,0,0.4,0.833
2024,Child,17-18 years,Female,Sexual Abuse,2.8,Hospital,6,0,1,0,0,4.6,1,1,0,0,0.4,0.883
2024,Child,0-6 years,Female,Physical Abuse,2.8,School,3,0,1,1,0,4.6,1,1,0,0,0.2,0.673
2024,Child,0-6 years,Female,Physical Abuse,2.8,Hospital,5,1,1,1,0,5.0,0,0,1,0,1.0,0.873
2024,Child,0-6 years,Female,Physical Abuse,2.8,Social Service,4,0,1,1,0,4.5,1,1,0,0,0.2,0.723
2024,Child,7-12 years,Female,Sexual Abuse,2.8,School,2,0,1,0,0,4.4,0,0,0,0,0.2,0.683
2024,Child,13-16 years,Female,Sexual Abuse,2.8,Social Service,6,1,1,0,0,4.7,1,1,1,0,1.0,0.983
2024,Child,13-16 years,Female,Physical Abuse,2.8,Hospital,4,0,1,1,0,4.7,1,1,0,0,0.2,0.723
2024,Child,7-12 years,Female,Sexual Abuse,2.8,School,3,0,1,0,0,4.5,1,1,0,0,0.2,0.733
2024,Child,13-16 years,Female,Sexual Abuse,2.8,School,3,0,1,0,0,4.6,1,1,0,0,0.2,0.733
2024,Child,0-6 years,Female,Neglect,2.8,School,2,1,1,0,1,3.6,1,0,1,0,0.8,0.633
2024,Child,7-12 years,Female,Neglect,2.8,School,3,0,1,0,1,2.9,0,0,0,0,0.2,0.583
2024,Child,13-16 years,Female,Sexual Abuse,2.8,School,5,0,1,0,0,4.6,1,1,0,0,0.4,0.833
2024,Child,13-16 years,Female,Emotional & Psychological Abuse,2.8,School,6,0,1,0,0,2.5,0,0,0,0,0.4,0.763
2024,Child,0-6 years,Female,Emotional & Psychological Abuse,2.8,Police,5,0,1,0,0,3.8,0,0,0,0,0.4,0.713
2024,Child,7-12 years,Female,Emotional & Psychological Abuse,2.8,School,5,0,1,0,0,2.4,0,0,0,0,0.4,0.713
2024,Child,0-6 years,Female,Emotional & Psychological Abuse,2.8,Social Service,3,0,1,0,0,2.8,0,0,0,0,0.2,0.613
2024,Child,7-12 years,Female,Physical Abuse,2.8,Police,6,0,1,1,0,4.9,1,1,0,0,0.4,0.823
2024,Child,13-16 years,Female,Emotional & Psychological Abuse,2.8,School,6,0,1,0,0,2.5,0,0,0,0,0.4,0.763
2024,Child,7-12 years,Female,Physical Abuse,2.8,School,4,0,1,1,0,4.0,1,1,0,0,0.2,0.723
2024,Child,17-18 years,Female,Emotional & Psychological Abuse,2.8,Social Service,6,1,1,0,0,2.1,0,0,1,0,1.0,0.863
2024,Child,13-16 years,Female,Neglect,2.8,Hospital,6,1,1,0,1,3.9,1,0,1,0,1.0,0.833
2024,Child,13-16 years,Female,Sexual Abuse,2.8,Hospital,5,0,1,0,0,5.0,1,1,0,0,0.4,0.833
2024,Child,0-6 years,Female,Neglect,2.8,School,3,0,1,0,1,3.5,0,0,0,0,0.2,0.583
2024,Child,7-12 years,Female,Emotional & Psychological Abuse,2.8,Police,6,0,1,0,0,3.2,0,0,0,0,0.4,0.763
2024,Child,13-16 years,Female,Emotional & Psychological Abuse,2.8,Hospital,2,0,1,0,0,3.4,0,0,0,0,0.2,0.563
2024,Child,7-12 years,Female,Physical Abuse,2.8,Social Service,4,0,1,1,0,4.1,1,1,0,0,0.2,0.723
2024,Child,7-12 years,Female,Neglect,2.8,Social Service,6,0,1,0,1,3.2,1,1,0,0,0.4,0.733
2024,Child,7-12 years,Female,Neglect,2.8,School,2,0,1,0,1,2.8,1,0,0,0,0.2,0.533
2024,Child,0-6 years,Female,Physical Abuse,2.8,Hospital,4,1,1,1,0,5.0,1,0,1,0,0.8,0.823
2024,Child,7-12 years,Female,Physical Abuse,2.8,School,5,1,1,1,0,3.9,0,0,1,0,1.0,0.873
